-- Seed data for Argentina airline demo (Django + SQLite)
-- Generated on: 2025-07-26 15:07:25
PRAGMA foreign_keys=ON;
BEGIN TRANSACTION;
-- Optional: wipe existing rows (adjust if you don't want to delete)
DELETE FROM app_ticket;
DELETE FROM app_reservation;
DELETE FROM app_seat;
DELETE FROM app_passenger;
DELETE FROM app_flight;
DELETE FROM app_airplane;

-- Airplanes
INSERT INTO app_airplane (id, model, capacity, rows, columns) VALUES (1, 'Boeing 737-800', 186, 31, 6);
INSERT INTO app_airplane (id, model, capacity, rows, columns) VALUES (2, 'Airbus A320', 174, 29, 6);
INSERT INTO app_airplane (id, model, capacity, rows, columns) VALUES (3, 'Embraer E190', 96, 24, 4);
INSERT INTO app_airplane (id, model, capacity, rows, columns) VALUES (4, 'Boeing 787-8', 248, 31, 8);

-- Seats
INSERT INTO app_seat (id, airplane_id, number, row, column, type, status) VALUES (1, 1, '1A', 1, 1, 'business', 'available');
INSERT INTO app_seat (id, airplane_id, number, row, column, type, status) VALUES (2, 1, '1B', 1, 2, 'business', 'available');
INSERT INTO app_seat (id, airplane_id, number, row, column, type, status) VALUES (3, 1, '1C', 1, 3, 'business', 'available');
INSERT INTO app_seat (id, airplane_id, number, row, column, type, status) VALUES (4, 1, '1D', 1, 4, 'business', 'available');
INSERT INTO app_seat (id, airplane_id, number, row, column, type, status) VALUES (5, 1, '1E', 1, 5, 'business', 'available');
INSERT INTO app_seat (id, airplane_id, number, row, column, type, status) VALUES (6, 1, '1F', 1, 6, 'business', 'available');
INSERT INTO app_seat (id, airplane_id, number, row, column, type, status) VALUES (7, 1, '2A', 2, 1, 'business', 'available');
INSERT INTO app_seat (id, airplane_id, number, row, column, type, status) VALUES (8, 1, '2B', 2, 2, 'business', 'available');
INSERT INTO app_seat (id, airplane_id, number, row, column, type, status) VALUES (9, 1, '2C', 2, 3, 'business', 'available');
INSERT INTO app_seat (id, airplane_id, number, row, column, type, status) VALUES (10, 1, '2D', 2, 4, 'business', 'available');
INSERT INTO app_seat (id, airplane_id, number, row, column, type, status) VALUES (11, 1, '2E', 2, 5, 'business', 'available');
INSERT INTO app_seat (id, airplane_id, number, row, column, type, status) VALUES (12, 1, '2F', 2, 6, 'business', 'available');
INSERT INTO app_seat (id, airplane_id, number, row, column, type, status) VALUES (13, 1, '3A', 3, 1, 'business', 'available');
INSERT INTO app_seat (id, airplane_id, number, row, column, type, status) VALUES (14, 1, '3B', 3, 2, 'business', 'available');
INSERT INTO app_seat (id, airplane_id, number, row, column, type, status) VALUES (15, 1, '3C', 3, 3, 'business', 'available');
INSERT INTO app_seat (id, airplane_id, number, row, column, type, status) VALUES (16, 1, '3D', 3, 4, 'business', 'available');
INSERT INTO app_seat (id, airplane_id, number, row, column, type, status) VALUES (17, 1, '3E', 3, 5, 'business', 'available');
INSERT INTO app_seat (id, airplane_id, number, row, column, type, status) VALUES (18, 1, '3F', 3, 6, 'business', 'available');
INSERT INTO app_seat (id, airplane_id, number, row, column, type, status) VALUES (19, 1, '4A', 4, 1, 'premium', 'available');
INSERT INTO app_seat (id, airplane_id, number, row, column, type, status) VALUES (20, 1, '4B', 4, 2, 'premium', 'available');
INSERT INTO app_seat (id, airplane_id, number, row, column, type, status) VALUES (21, 1, '4C', 4, 3, 'premium', 'available');
INSERT INTO app_seat (id, airplane_id, number, row, column, type, status) VALUES (22, 1, '4D', 4, 4, 'premium', 'available');
INSERT INTO app_seat (id, airplane_id, number, row, column, type, status) VALUES (23, 1, '4E', 4, 5, 'premium', 'available');
INSERT INTO app_seat (id, airplane_id, number, row, column, type, status) VALUES (24, 1, '4F', 4, 6, 'premium', 'available');
INSERT INTO app_seat (id, airplane_id, number, row, column, type, status) VALUES (25, 1, '5A', 5, 1, 'premium', 'available');
INSERT INTO app_seat (id, airplane_id, number, row, column, type, status) VALUES (26, 1, '5B', 5, 2, 'premium', 'available');
INSERT INTO app_seat (id, airplane_id, number, row, column, type, status) VALUES (27, 1, '5C', 5, 3, 'premium', 'available');
INSERT INTO app_seat (id, airplane_id, number, row, column, type, status) VALUES (28, 1, '5D', 5, 4, 'premium', 'available');
INSERT INTO app_seat (id, airplane_id, number, row, column, type, status) VALUES (29, 1, '5E', 5, 5, 'premium', 'available');
INSERT INTO app_seat (id, airplane_id, number, row, column, type, status) VALUES (30, 1, '5F', 5, 6, 'premium', 'available');
INSERT INTO app_seat (id, airplane_id, number, row, column, type, status) VALUES (31, 1, '6A', 6, 1, 'premium', 'available');
INSERT INTO app_seat (id, airplane_id, number, row, column, type, status) VALUES (32, 1, '6B', 6, 2, 'premium', 'available');
INSERT INTO app_seat (id, airplane_id, number, row, column, type, status) VALUES (33, 1, '6C', 6, 3, 'premium', 'available');
INSERT INTO app_seat (id, airplane_id, number, row, column, type, status) VALUES (34, 1, '6D', 6, 4, 'premium', 'available');
INSERT INTO app_seat (id, airplane_id, number, row, column, type, status) VALUES (35, 1, '6E', 6, 5, 'premium', 'available');
INSERT INTO app_seat (id, airplane_id, number, row, column, type, status) VALUES (36, 1, '6F', 6, 6, 'premium', 'available');
INSERT INTO app_seat (id, airplane_id, number, row, column, type, status) VALUES (37, 1, '7A', 7, 1, 'premium', 'available');
INSERT INTO app_seat (id, airplane_id, number, row, column, type, status) VALUES (38, 1, '7B', 7, 2, 'premium', 'available');
INSERT INTO app_seat (id, airplane_id, number, row, column, type, status) VALUES (39, 1, '7C', 7, 3, 'premium', 'available');
INSERT INTO app_seat (id, airplane_id, number, row, column, type, status) VALUES (40, 1, '7D', 7, 4, 'premium', 'available');
INSERT INTO app_seat (id, airplane_id, number, row, column, type, status) VALUES (41, 1, '7E', 7, 5, 'premium', 'available');
INSERT INTO app_seat (id, airplane_id, number, row, column, type, status) VALUES (42, 1, '7F', 7, 6, 'premium', 'available');
INSERT INTO app_seat (id, airplane_id, number, row, column, type, status) VALUES (43, 1, '8A', 8, 1, 'economy', 'available');
INSERT INTO app_seat (id, airplane_id, number, row, column, type, status) VALUES (44, 1, '8B', 8, 2, 'economy', 'available');
INSERT INTO app_seat (id, airplane_id, number, row, column, type, status) VALUES (45, 1, '8C', 8, 3, 'economy', 'available');
INSERT INTO app_seat (id, airplane_id, number, row, column, type, status) VALUES (46, 1, '8D', 8, 4, 'economy', 'available');
INSERT INTO app_seat (id, airplane_id, number, row, column, type, status) VALUES (47, 1, '8E', 8, 5, 'economy', 'available');
INSERT INTO app_seat (id, airplane_id, number, row, column, type, status) VALUES (48, 1, '8F', 8, 6, 'economy', 'available');
INSERT INTO app_seat (id, airplane_id, number, row, column, type, status) VALUES (49, 1, '9A', 9, 1, 'economy', 'available');
INSERT INTO app_seat (id, airplane_id, number, row, column, type, status) VALUES (50, 1, '9B', 9, 2, 'economy', 'available');
INSERT INTO app_seat (id, airplane_id, number, row, column, type, status) VALUES (51, 1, '9C', 9, 3, 'economy', 'available');
INSERT INTO app_seat (id, airplane_id, number, row, column, type, status) VALUES (52, 1, '9D', 9, 4, 'economy', 'available');
INSERT INTO app_seat (id, airplane_id, number, row, column, type, status) VALUES (53, 1, '9E', 9, 5, 'economy', 'available');
INSERT INTO app_seat (id, airplane_id, number, row, column, type, status) VALUES (54, 1, '9F', 9, 6, 'economy', 'available');
INSERT INTO app_seat (id, airplane_id, number, row, column, type, status) VALUES (55, 1, '10A', 10, 1, 'economy', 'available');
INSERT INTO app_seat (id, airplane_id, number, row, column, type, status) VALUES (56, 1, '10B', 10, 2, 'economy', 'available');
INSERT INTO app_seat (id, airplane_id, number, row, column, type, status) VALUES (57, 1, '10C', 10, 3, 'economy', 'available');
INSERT INTO app_seat (id, airplane_id, number, row, column, type, status) VALUES (58, 1, '10D', 10, 4, 'economy', 'available');
INSERT INTO app_seat (id, airplane_id, number, row, column, type, status) VALUES (59, 1, '10E', 10, 5, 'economy', 'available');
INSERT INTO app_seat (id, airplane_id, number, row, column, type, status) VALUES (60, 1, '10F', 10, 6, 'economy', 'available');
INSERT INTO app_seat (id, airplane_id, number, row, column, type, status) VALUES (61, 1, '11A', 11, 1, 'economy', 'available');
INSERT INTO app_seat (id, airplane_id, number, row, column, type, status) VALUES (62, 1, '11B', 11, 2, 'economy', 'available');
INSERT INTO app_seat (id, airplane_id, number, row, column, type, status) VALUES (63, 1, '11C', 11, 3, 'economy', 'available');
INSERT INTO app_seat (id, airplane_id, number, row, column, type, status) VALUES (64, 1, '11D', 11, 4, 'economy', 'available');
INSERT INTO app_seat (id, airplane_id, number, row, column, type, status) VALUES (65, 1, '11E', 11, 5, 'economy', 'available');
INSERT INTO app_seat (id, airplane_id, number, row, column, type, status) VALUES (66, 1, '11F', 11, 6, 'economy', 'available');
INSERT INTO app_seat (id, airplane_id, number, row, column, type, status) VALUES (67, 1, '12A', 12, 1, 'economy', 'available');
INSERT INTO app_seat (id, airplane_id, number, row, column, type, status) VALUES (68, 1, '12B', 12, 2, 'economy', 'available');
INSERT INTO app_seat (id, airplane_id, number, row, column, type, status) VALUES (69, 1, '12C', 12, 3, 'economy', 'available');
INSERT INTO app_seat (id, airplane_id, number, row, column, type, status) VALUES (70, 1, '12D', 12, 4, 'economy', 'available');
INSERT INTO app_seat (id, airplane_id, number, row, column, type, status) VALUES (71, 1, '12E', 12, 5, 'economy', 'available');
INSERT INTO app_seat (id, airplane_id, number, row, column, type, status) VALUES (72, 1, '12F', 12, 6, 'economy', 'available');
INSERT INTO app_seat (id, airplane_id, number, row, column, type, status) VALUES (73, 1, '13A', 13, 1, 'economy', 'available');
INSERT INTO app_seat (id, airplane_id, number, row, column, type, status) VALUES (74, 1, '13B', 13, 2, 'economy', 'available');
INSERT INTO app_seat (id, airplane_id, number, row, column, type, status) VALUES (75, 1, '13C', 13, 3, 'economy', 'available');
INSERT INTO app_seat (id, airplane_id, number, row, column, type, status) VALUES (76, 1, '13D', 13, 4, 'economy', 'available');
INSERT INTO app_seat (id, airplane_id, number, row, column, type, status) VALUES (77, 1, '13E', 13, 5, 'economy', 'available');
INSERT INTO app_seat (id, airplane_id, number, row, column, type, status) VALUES (78, 1, '13F', 13, 6, 'economy', 'available');
INSERT INTO app_seat (id, airplane_id, number, row, column, type, status) VALUES (79, 1, '14A', 14, 1, 'economy', 'available');
INSERT INTO app_seat (id, airplane_id, number, row, column, type, status) VALUES (80, 1, '14B', 14, 2, 'economy', 'available');
INSERT INTO app_seat (id, airplane_id, number, row, column, type, status) VALUES (81, 1, '14C', 14, 3, 'economy', 'available');
INSERT INTO app_seat (id, airplane_id, number, row, column, type, status) VALUES (82, 1, '14D', 14, 4, 'economy', 'available');
INSERT INTO app_seat (id, airplane_id, number, row, column, type, status) VALUES (83, 1, '14E', 14, 5, 'economy', 'available');
INSERT INTO app_seat (id, airplane_id, number, row, column, type, status) VALUES (84, 1, '14F', 14, 6, 'economy', 'available');
INSERT INTO app_seat (id, airplane_id, number, row, column, type, status) VALUES (85, 1, '15A', 15, 1, 'economy', 'available');
INSERT INTO app_seat (id, airplane_id, number, row, column, type, status) VALUES (86, 1, '15B', 15, 2, 'economy', 'available');
INSERT INTO app_seat (id, airplane_id, number, row, column, type, status) VALUES (87, 1, '15C', 15, 3, 'economy', 'available');
INSERT INTO app_seat (id, airplane_id, number, row, column, type, status) VALUES (88, 1, '15D', 15, 4, 'economy', 'available');
INSERT INTO app_seat (id, airplane_id, number, row, column, type, status) VALUES (89, 1, '15E', 15, 5, 'economy', 'available');
INSERT INTO app_seat (id, airplane_id, number, row, column, type, status) VALUES (90, 1, '15F', 15, 6, 'economy', 'available');
INSERT INTO app_seat (id, airplane_id, number, row, column, type, status) VALUES (91, 1, '16A', 16, 1, 'economy', 'available');
INSERT INTO app_seat (id, airplane_id, number, row, column, type, status) VALUES (92, 1, '16B', 16, 2, 'economy', 'available');
INSERT INTO app_seat (id, airplane_id, number, row, column, type, status) VALUES (93, 1, '16C', 16, 3, 'economy', 'available');
INSERT INTO app_seat (id, airplane_id, number, row, column, type, status) VALUES (94, 1, '16D', 16, 4, 'economy', 'available');
INSERT INTO app_seat (id, airplane_id, number, row, column, type, status) VALUES (95, 1, '16E', 16, 5, 'economy', 'available');
INSERT INTO app_seat (id, airplane_id, number, row, column, type, status) VALUES (96, 1, '16F', 16, 6, 'economy', 'available');
INSERT INTO app_seat (id, airplane_id, number, row, column, type, status) VALUES (97, 1, '17A', 17, 1, 'economy', 'available');
INSERT INTO app_seat (id, airplane_id, number, row, column, type, status) VALUES (98, 1, '17B', 17, 2, 'economy', 'available');
INSERT INTO app_seat (id, airplane_id, number, row, column, type, status) VALUES (99, 1, '17C', 17, 3, 'economy', 'available');
INSERT INTO app_seat (id, airplane_id, number, row, column, type, status) VALUES (100, 1, '17D', 17, 4, 'economy', 'available');
INSERT INTO app_seat (id, airplane_id, number, row, column, type, status) VALUES (101, 1, '17E', 17, 5, 'economy', 'available');
INSERT INTO app_seat (id, airplane_id, number, row, column, type, status) VALUES (102, 1, '17F', 17, 6, 'economy', 'available');
INSERT INTO app_seat (id, airplane_id, number, row, column, type, status) VALUES (103, 1, '18A', 18, 1, 'economy', 'available');
INSERT INTO app_seat (id, airplane_id, number, row, column, type, status) VALUES (104, 1, '18B', 18, 2, 'economy', 'available');
INSERT INTO app_seat (id, airplane_id, number, row, column, type, status) VALUES (105, 1, '18C', 18, 3, 'economy', 'available');
INSERT INTO app_seat (id, airplane_id, number, row, column, type, status) VALUES (106, 1, '18D', 18, 4, 'economy', 'available');
INSERT INTO app_seat (id, airplane_id, number, row, column, type, status) VALUES (107, 1, '18E', 18, 5, 'economy', 'available');
INSERT INTO app_seat (id, airplane_id, number, row, column, type, status) VALUES (108, 1, '18F', 18, 6, 'economy', 'available');
INSERT INTO app_seat (id, airplane_id, number, row, column, type, status) VALUES (109, 1, '19A', 19, 1, 'economy', 'available');
INSERT INTO app_seat (id, airplane_id, number, row, column, type, status) VALUES (110, 1, '19B', 19, 2, 'economy', 'available');
INSERT INTO app_seat (id, airplane_id, number, row, column, type, status) VALUES (111, 1, '19C', 19, 3, 'economy', 'available');
INSERT INTO app_seat (id, airplane_id, number, row, column, type, status) VALUES (112, 1, '19D', 19, 4, 'economy', 'available');
INSERT INTO app_seat (id, airplane_id, number, row, column, type, status) VALUES (113, 1, '19E', 19, 5, 'economy', 'available');
INSERT INTO app_seat (id, airplane_id, number, row, column, type, status) VALUES (114, 1, '19F', 19, 6, 'economy', 'available');
INSERT INTO app_seat (id, airplane_id, number, row, column, type, status) VALUES (115, 1, '20A', 20, 1, 'economy', 'available');
INSERT INTO app_seat (id, airplane_id, number, row, column, type, status) VALUES (116, 1, '20B', 20, 2, 'economy', 'available');
INSERT INTO app_seat (id, airplane_id, number, row, column, type, status) VALUES (117, 1, '20C', 20, 3, 'economy', 'available');
INSERT INTO app_seat (id, airplane_id, number, row, column, type, status) VALUES (118, 1, '20D', 20, 4, 'economy', 'available');
INSERT INTO app_seat (id, airplane_id, number, row, column, type, status) VALUES (119, 1, '20E', 20, 5, 'economy', 'available');
INSERT INTO app_seat (id, airplane_id, number, row, column, type, status) VALUES (120, 1, '20F', 20, 6, 'economy', 'available');
INSERT INTO app_seat (id, airplane_id, number, row, column, type, status) VALUES (121, 1, '21A', 21, 1, 'economy', 'available');
INSERT INTO app_seat (id, airplane_id, number, row, column, type, status) VALUES (122, 1, '21B', 21, 2, 'economy', 'available');
INSERT INTO app_seat (id, airplane_id, number, row, column, type, status) VALUES (123, 1, '21C', 21, 3, 'economy', 'available');
INSERT INTO app_seat (id, airplane_id, number, row, column, type, status) VALUES (124, 1, '21D', 21, 4, 'economy', 'available');
INSERT INTO app_seat (id, airplane_id, number, row, column, type, status) VALUES (125, 1, '21E', 21, 5, 'economy', 'available');
INSERT INTO app_seat (id, airplane_id, number, row, column, type, status) VALUES (126, 1, '21F', 21, 6, 'economy', 'available');
INSERT INTO app_seat (id, airplane_id, number, row, column, type, status) VALUES (127, 1, '22A', 22, 1, 'economy', 'available');
INSERT INTO app_seat (id, airplane_id, number, row, column, type, status) VALUES (128, 1, '22B', 22, 2, 'economy', 'available');
INSERT INTO app_seat (id, airplane_id, number, row, column, type, status) VALUES (129, 1, '22C', 22, 3, 'economy', 'available');
INSERT INTO app_seat (id, airplane_id, number, row, column, type, status) VALUES (130, 1, '22D', 22, 4, 'economy', 'available');
INSERT INTO app_seat (id, airplane_id, number, row, column, type, status) VALUES (131, 1, '22E', 22, 5, 'economy', 'available');
INSERT INTO app_seat (id, airplane_id, number, row, column, type, status) VALUES (132, 1, '22F', 22, 6, 'economy', 'available');
INSERT INTO app_seat (id, airplane_id, number, row, column, type, status) VALUES (133, 1, '23A', 23, 1, 'economy', 'available');
INSERT INTO app_seat (id, airplane_id, number, row, column, type, status) VALUES (134, 1, '23B', 23, 2, 'economy', 'available');
INSERT INTO app_seat (id, airplane_id, number, row, column, type, status) VALUES (135, 1, '23C', 23, 3, 'economy', 'available');
INSERT INTO app_seat (id, airplane_id, number, row, column, type, status) VALUES (136, 1, '23D', 23, 4, 'economy', 'available');
INSERT INTO app_seat (id, airplane_id, number, row, column, type, status) VALUES (137, 1, '23E', 23, 5, 'economy', 'available');
INSERT INTO app_seat (id, airplane_id, number, row, column, type, status) VALUES (138, 1, '23F', 23, 6, 'economy', 'available');
INSERT INTO app_seat (id, airplane_id, number, row, column, type, status) VALUES (139, 1, '24A', 24, 1, 'economy', 'available');
INSERT INTO app_seat (id, airplane_id, number, row, column, type, status) VALUES (140, 1, '24B', 24, 2, 'economy', 'available');
INSERT INTO app_seat (id, airplane_id, number, row, column, type, status) VALUES (141, 1, '24C', 24, 3, 'economy', 'available');
INSERT INTO app_seat (id, airplane_id, number, row, column, type, status) VALUES (142, 1, '24D', 24, 4, 'economy', 'available');
INSERT INTO app_seat (id, airplane_id, number, row, column, type, status) VALUES (143, 1, '24E', 24, 5, 'economy', 'available');
INSERT INTO app_seat (id, airplane_id, number, row, column, type, status) VALUES (144, 1, '24F', 24, 6, 'economy', 'available');
INSERT INTO app_seat (id, airplane_id, number, row, column, type, status) VALUES (145, 1, '25A', 25, 1, 'economy', 'available');
INSERT INTO app_seat (id, airplane_id, number, row, column, type, status) VALUES (146, 1, '25B', 25, 2, 'economy', 'available');
INSERT INTO app_seat (id, airplane_id, number, row, column, type, status) VALUES (147, 1, '25C', 25, 3, 'economy', 'available');
INSERT INTO app_seat (id, airplane_id, number, row, column, type, status) VALUES (148, 1, '25D', 25, 4, 'economy', 'available');
INSERT INTO app_seat (id, airplane_id, number, row, column, type, status) VALUES (149, 1, '25E', 25, 5, 'economy', 'available');
INSERT INTO app_seat (id, airplane_id, number, row, column, type, status) VALUES (150, 1, '25F', 25, 6, 'economy', 'available');
INSERT INTO app_seat (id, airplane_id, number, row, column, type, status) VALUES (151, 1, '26A', 26, 1, 'economy', 'available');
INSERT INTO app_seat (id, airplane_id, number, row, column, type, status) VALUES (152, 1, '26B', 26, 2, 'economy', 'available');
INSERT INTO app_seat (id, airplane_id, number, row, column, type, status) VALUES (153, 1, '26C', 26, 3, 'economy', 'available');
INSERT INTO app_seat (id, airplane_id, number, row, column, type, status) VALUES (154, 1, '26D', 26, 4, 'economy', 'available');
INSERT INTO app_seat (id, airplane_id, number, row, column, type, status) VALUES (155, 1, '26E', 26, 5, 'economy', 'available');
INSERT INTO app_seat (id, airplane_id, number, row, column, type, status) VALUES (156, 1, '26F', 26, 6, 'economy', 'available');
INSERT INTO app_seat (id, airplane_id, number, row, column, type, status) VALUES (157, 1, '27A', 27, 1, 'economy', 'available');
INSERT INTO app_seat (id, airplane_id, number, row, column, type, status) VALUES (158, 1, '27B', 27, 2, 'economy', 'available');
INSERT INTO app_seat (id, airplane_id, number, row, column, type, status) VALUES (159, 1, '27C', 27, 3, 'economy', 'available');
INSERT INTO app_seat (id, airplane_id, number, row, column, type, status) VALUES (160, 1, '27D', 27, 4, 'economy', 'available');
INSERT INTO app_seat (id, airplane_id, number, row, column, type, status) VALUES (161, 1, '27E', 27, 5, 'economy', 'available');
INSERT INTO app_seat (id, airplane_id, number, row, column, type, status) VALUES (162, 1, '27F', 27, 6, 'economy', 'available');
INSERT INTO app_seat (id, airplane_id, number, row, column, type, status) VALUES (163, 1, '28A', 28, 1, 'economy', 'available');
INSERT INTO app_seat (id, airplane_id, number, row, column, type, status) VALUES (164, 1, '28B', 28, 2, 'economy', 'available');
INSERT INTO app_seat (id, airplane_id, number, row, column, type, status) VALUES (165, 1, '28C', 28, 3, 'economy', 'available');
INSERT INTO app_seat (id, airplane_id, number, row, column, type, status) VALUES (166, 1, '28D', 28, 4, 'economy', 'available');
INSERT INTO app_seat (id, airplane_id, number, row, column, type, status) VALUES (167, 1, '28E', 28, 5, 'economy', 'available');
INSERT INTO app_seat (id, airplane_id, number, row, column, type, status) VALUES (168, 1, '28F', 28, 6, 'economy', 'available');
INSERT INTO app_seat (id, airplane_id, number, row, column, type, status) VALUES (169, 1, '29A', 29, 1, 'economy', 'available');
INSERT INTO app_seat (id, airplane_id, number, row, column, type, status) VALUES (170, 1, '29B', 29, 2, 'economy', 'available');
INSERT INTO app_seat (id, airplane_id, number, row, column, type, status) VALUES (171, 1, '29C', 29, 3, 'economy', 'available');
INSERT INTO app_seat (id, airplane_id, number, row, column, type, status) VALUES (172, 1, '29D', 29, 4, 'economy', 'available');
INSERT INTO app_seat (id, airplane_id, number, row, column, type, status) VALUES (173, 1, '29E', 29, 5, 'economy', 'available');
INSERT INTO app_seat (id, airplane_id, number, row, column, type, status) VALUES (174, 1, '29F', 29, 6, 'economy', 'available');
INSERT INTO app_seat (id, airplane_id, number, row, column, type, status) VALUES (175, 1, '30A', 30, 1, 'economy', 'available');
INSERT INTO app_seat (id, airplane_id, number, row, column, type, status) VALUES (176, 1, '30B', 30, 2, 'economy', 'available');
INSERT INTO app_seat (id, airplane_id, number, row, column, type, status) VALUES (177, 1, '30C', 30, 3, 'economy', 'available');
INSERT INTO app_seat (id, airplane_id, number, row, column, type, status) VALUES (178, 1, '30D', 30, 4, 'economy', 'available');
INSERT INTO app_seat (id, airplane_id, number, row, column, type, status) VALUES (179, 1, '30E', 30, 5, 'economy', 'available');
INSERT INTO app_seat (id, airplane_id, number, row, column, type, status) VALUES (180, 1, '30F', 30, 6, 'economy', 'available');
INSERT INTO app_seat (id, airplane_id, number, row, column, type, status) VALUES (181, 1, '31A', 31, 1, 'economy', 'available');
INSERT INTO app_seat (id, airplane_id, number, row, column, type, status) VALUES (182, 1, '31B', 31, 2, 'economy', 'available');
INSERT INTO app_seat (id, airplane_id, number, row, column, type, status) VALUES (183, 1, '31C', 31, 3, 'economy', 'available');
INSERT INTO app_seat (id, airplane_id, number, row, column, type, status) VALUES (184, 1, '31D', 31, 4, 'economy', 'available');
INSERT INTO app_seat (id, airplane_id, number, row, column, type, status) VALUES (185, 1, '31E', 31, 5, 'economy', 'available');
INSERT INTO app_seat (id, airplane_id, number, row, column, type, status) VALUES (186, 1, '31F', 31, 6, 'economy', 'available');
INSERT INTO app_seat (id, airplane_id, number, row, column, type, status) VALUES (187, 2, '1A', 1, 1, 'business', 'available');
INSERT INTO app_seat (id, airplane_id, number, row, column, type, status) VALUES (188, 2, '1B', 1, 2, 'business', 'available');
INSERT INTO app_seat (id, airplane_id, number, row, column, type, status) VALUES (189, 2, '1C', 1, 3, 'business', 'available');
INSERT INTO app_seat (id, airplane_id, number, row, column, type, status) VALUES (190, 2, '1D', 1, 4, 'business', 'available');
INSERT INTO app_seat (id, airplane_id, number, row, column, type, status) VALUES (191, 2, '1E', 1, 5, 'business', 'available');
INSERT INTO app_seat (id, airplane_id, number, row, column, type, status) VALUES (192, 2, '1F', 1, 6, 'business', 'available');
INSERT INTO app_seat (id, airplane_id, number, row, column, type, status) VALUES (193, 2, '2A', 2, 1, 'business', 'available');
INSERT INTO app_seat (id, airplane_id, number, row, column, type, status) VALUES (194, 2, '2B', 2, 2, 'business', 'available');
INSERT INTO app_seat (id, airplane_id, number, row, column, type, status) VALUES (195, 2, '2C', 2, 3, 'business', 'available');
INSERT INTO app_seat (id, airplane_id, number, row, column, type, status) VALUES (196, 2, '2D', 2, 4, 'business', 'available');
INSERT INTO app_seat (id, airplane_id, number, row, column, type, status) VALUES (197, 2, '2E', 2, 5, 'business', 'available');
INSERT INTO app_seat (id, airplane_id, number, row, column, type, status) VALUES (198, 2, '2F', 2, 6, 'business', 'available');
INSERT INTO app_seat (id, airplane_id, number, row, column, type, status) VALUES (199, 2, '3A', 3, 1, 'business', 'available');
INSERT INTO app_seat (id, airplane_id, number, row, column, type, status) VALUES (200, 2, '3B', 3, 2, 'business', 'available');
INSERT INTO app_seat (id, airplane_id, number, row, column, type, status) VALUES (201, 2, '3C', 3, 3, 'business', 'available');
INSERT INTO app_seat (id, airplane_id, number, row, column, type, status) VALUES (202, 2, '3D', 3, 4, 'business', 'available');
INSERT INTO app_seat (id, airplane_id, number, row, column, type, status) VALUES (203, 2, '3E', 3, 5, 'business', 'available');
INSERT INTO app_seat (id, airplane_id, number, row, column, type, status) VALUES (204, 2, '3F', 3, 6, 'business', 'available');
INSERT INTO app_seat (id, airplane_id, number, row, column, type, status) VALUES (205, 2, '4A', 4, 1, 'premium', 'available');
INSERT INTO app_seat (id, airplane_id, number, row, column, type, status) VALUES (206, 2, '4B', 4, 2, 'premium', 'available');
INSERT INTO app_seat (id, airplane_id, number, row, column, type, status) VALUES (207, 2, '4C', 4, 3, 'premium', 'available');
INSERT INTO app_seat (id, airplane_id, number, row, column, type, status) VALUES (208, 2, '4D', 4, 4, 'premium', 'available');
INSERT INTO app_seat (id, airplane_id, number, row, column, type, status) VALUES (209, 2, '4E', 4, 5, 'premium', 'available');
INSERT INTO app_seat (id, airplane_id, number, row, column, type, status) VALUES (210, 2, '4F', 4, 6, 'premium', 'available');
INSERT INTO app_seat (id, airplane_id, number, row, column, type, status) VALUES (211, 2, '5A', 5, 1, 'premium', 'available');
INSERT INTO app_seat (id, airplane_id, number, row, column, type, status) VALUES (212, 2, '5B', 5, 2, 'premium', 'available');
INSERT INTO app_seat (id, airplane_id, number, row, column, type, status) VALUES (213, 2, '5C', 5, 3, 'premium', 'available');
INSERT INTO app_seat (id, airplane_id, number, row, column, type, status) VALUES (214, 2, '5D', 5, 4, 'premium', 'available');
INSERT INTO app_seat (id, airplane_id, number, row, column, type, status) VALUES (215, 2, '5E', 5, 5, 'premium', 'available');
INSERT INTO app_seat (id, airplane_id, number, row, column, type, status) VALUES (216, 2, '5F', 5, 6, 'premium', 'available');
INSERT INTO app_seat (id, airplane_id, number, row, column, type, status) VALUES (217, 2, '6A', 6, 1, 'premium', 'available');
INSERT INTO app_seat (id, airplane_id, number, row, column, type, status) VALUES (218, 2, '6B', 6, 2, 'premium', 'available');
INSERT INTO app_seat (id, airplane_id, number, row, column, type, status) VALUES (219, 2, '6C', 6, 3, 'premium', 'available');
INSERT INTO app_seat (id, airplane_id, number, row, column, type, status) VALUES (220, 2, '6D', 6, 4, 'premium', 'available');
INSERT INTO app_seat (id, airplane_id, number, row, column, type, status) VALUES (221, 2, '6E', 6, 5, 'premium', 'available');
INSERT INTO app_seat (id, airplane_id, number, row, column, type, status) VALUES (222, 2, '6F', 6, 6, 'premium', 'available');
INSERT INTO app_seat (id, airplane_id, number, row, column, type, status) VALUES (223, 2, '7A', 7, 1, 'premium', 'available');
INSERT INTO app_seat (id, airplane_id, number, row, column, type, status) VALUES (224, 2, '7B', 7, 2, 'premium', 'available');
INSERT INTO app_seat (id, airplane_id, number, row, column, type, status) VALUES (225, 2, '7C', 7, 3, 'premium', 'available');
INSERT INTO app_seat (id, airplane_id, number, row, column, type, status) VALUES (226, 2, '7D', 7, 4, 'premium', 'available');
INSERT INTO app_seat (id, airplane_id, number, row, column, type, status) VALUES (227, 2, '7E', 7, 5, 'premium', 'available');
INSERT INTO app_seat (id, airplane_id, number, row, column, type, status) VALUES (228, 2, '7F', 7, 6, 'premium', 'available');
INSERT INTO app_seat (id, airplane_id, number, row, column, type, status) VALUES (229, 2, '8A', 8, 1, 'economy', 'available');
INSERT INTO app_seat (id, airplane_id, number, row, column, type, status) VALUES (230, 2, '8B', 8, 2, 'economy', 'available');
INSERT INTO app_seat (id, airplane_id, number, row, column, type, status) VALUES (231, 2, '8C', 8, 3, 'economy', 'available');
INSERT INTO app_seat (id, airplane_id, number, row, column, type, status) VALUES (232, 2, '8D', 8, 4, 'economy', 'available');
INSERT INTO app_seat (id, airplane_id, number, row, column, type, status) VALUES (233, 2, '8E', 8, 5, 'economy', 'available');
INSERT INTO app_seat (id, airplane_id, number, row, column, type, status) VALUES (234, 2, '8F', 8, 6, 'economy', 'available');
INSERT INTO app_seat (id, airplane_id, number, row, column, type, status) VALUES (235, 2, '9A', 9, 1, 'economy', 'available');
INSERT INTO app_seat (id, airplane_id, number, row, column, type, status) VALUES (236, 2, '9B', 9, 2, 'economy', 'available');
INSERT INTO app_seat (id, airplane_id, number, row, column, type, status) VALUES (237, 2, '9C', 9, 3, 'economy', 'available');
INSERT INTO app_seat (id, airplane_id, number, row, column, type, status) VALUES (238, 2, '9D', 9, 4, 'economy', 'available');
INSERT INTO app_seat (id, airplane_id, number, row, column, type, status) VALUES (239, 2, '9E', 9, 5, 'economy', 'available');
INSERT INTO app_seat (id, airplane_id, number, row, column, type, status) VALUES (240, 2, '9F', 9, 6, 'economy', 'available');
INSERT INTO app_seat (id, airplane_id, number, row, column, type, status) VALUES (241, 2, '10A', 10, 1, 'economy', 'available');
INSERT INTO app_seat (id, airplane_id, number, row, column, type, status) VALUES (242, 2, '10B', 10, 2, 'economy', 'available');
INSERT INTO app_seat (id, airplane_id, number, row, column, type, status) VALUES (243, 2, '10C', 10, 3, 'economy', 'available');
INSERT INTO app_seat (id, airplane_id, number, row, column, type, status) VALUES (244, 2, '10D', 10, 4, 'economy', 'available');
INSERT INTO app_seat (id, airplane_id, number, row, column, type, status) VALUES (245, 2, '10E', 10, 5, 'economy', 'available');
INSERT INTO app_seat (id, airplane_id, number, row, column, type, status) VALUES (246, 2, '10F', 10, 6, 'economy', 'available');
INSERT INTO app_seat (id, airplane_id, number, row, column, type, status) VALUES (247, 2, '11A', 11, 1, 'economy', 'available');
INSERT INTO app_seat (id, airplane_id, number, row, column, type, status) VALUES (248, 2, '11B', 11, 2, 'economy', 'available');
INSERT INTO app_seat (id, airplane_id, number, row, column, type, status) VALUES (249, 2, '11C', 11, 3, 'economy', 'available');
INSERT INTO app_seat (id, airplane_id, number, row, column, type, status) VALUES (250, 2, '11D', 11, 4, 'economy', 'available');
INSERT INTO app_seat (id, airplane_id, number, row, column, type, status) VALUES (251, 2, '11E', 11, 5, 'economy', 'available');
INSERT INTO app_seat (id, airplane_id, number, row, column, type, status) VALUES (252, 2, '11F', 11, 6, 'economy', 'available');
INSERT INTO app_seat (id, airplane_id, number, row, column, type, status) VALUES (253, 2, '12A', 12, 1, 'economy', 'available');
INSERT INTO app_seat (id, airplane_id, number, row, column, type, status) VALUES (254, 2, '12B', 12, 2, 'economy', 'available');
INSERT INTO app_seat (id, airplane_id, number, row, column, type, status) VALUES (255, 2, '12C', 12, 3, 'economy', 'available');
INSERT INTO app_seat (id, airplane_id, number, row, column, type, status) VALUES (256, 2, '12D', 12, 4, 'economy', 'available');
INSERT INTO app_seat (id, airplane_id, number, row, column, type, status) VALUES (257, 2, '12E', 12, 5, 'economy', 'available');
INSERT INTO app_seat (id, airplane_id, number, row, column, type, status) VALUES (258, 2, '12F', 12, 6, 'economy', 'available');
INSERT INTO app_seat (id, airplane_id, number, row, column, type, status) VALUES (259, 2, '13A', 13, 1, 'economy', 'available');
INSERT INTO app_seat (id, airplane_id, number, row, column, type, status) VALUES (260, 2, '13B', 13, 2, 'economy', 'available');
INSERT INTO app_seat (id, airplane_id, number, row, column, type, status) VALUES (261, 2, '13C', 13, 3, 'economy', 'available');
INSERT INTO app_seat (id, airplane_id, number, row, column, type, status) VALUES (262, 2, '13D', 13, 4, 'economy', 'available');
INSERT INTO app_seat (id, airplane_id, number, row, column, type, status) VALUES (263, 2, '13E', 13, 5, 'economy', 'available');
INSERT INTO app_seat (id, airplane_id, number, row, column, type, status) VALUES (264, 2, '13F', 13, 6, 'economy', 'available');
INSERT INTO app_seat (id, airplane_id, number, row, column, type, status) VALUES (265, 2, '14A', 14, 1, 'economy', 'available');
INSERT INTO app_seat (id, airplane_id, number, row, column, type, status) VALUES (266, 2, '14B', 14, 2, 'economy', 'available');
INSERT INTO app_seat (id, airplane_id, number, row, column, type, status) VALUES (267, 2, '14C', 14, 3, 'economy', 'available');
INSERT INTO app_seat (id, airplane_id, number, row, column, type, status) VALUES (268, 2, '14D', 14, 4, 'economy', 'available');
INSERT INTO app_seat (id, airplane_id, number, row, column, type, status) VALUES (269, 2, '14E', 14, 5, 'economy', 'available');
INSERT INTO app_seat (id, airplane_id, number, row, column, type, status) VALUES (270, 2, '14F', 14, 6, 'economy', 'available');
INSERT INTO app_seat (id, airplane_id, number, row, column, type, status) VALUES (271, 2, '15A', 15, 1, 'economy', 'available');
INSERT INTO app_seat (id, airplane_id, number, row, column, type, status) VALUES (272, 2, '15B', 15, 2, 'economy', 'available');
INSERT INTO app_seat (id, airplane_id, number, row, column, type, status) VALUES (273, 2, '15C', 15, 3, 'economy', 'available');
INSERT INTO app_seat (id, airplane_id, number, row, column, type, status) VALUES (274, 2, '15D', 15, 4, 'economy', 'available');
INSERT INTO app_seat (id, airplane_id, number, row, column, type, status) VALUES (275, 2, '15E', 15, 5, 'economy', 'available');
INSERT INTO app_seat (id, airplane_id, number, row, column, type, status) VALUES (276, 2, '15F', 15, 6, 'economy', 'available');
INSERT INTO app_seat (id, airplane_id, number, row, column, type, status) VALUES (277, 2, '16A', 16, 1, 'economy', 'available');
INSERT INTO app_seat (id, airplane_id, number, row, column, type, status) VALUES (278, 2, '16B', 16, 2, 'economy', 'available');
INSERT INTO app_seat (id, airplane_id, number, row, column, type, status) VALUES (279, 2, '16C', 16, 3, 'economy', 'available');
INSERT INTO app_seat (id, airplane_id, number, row, column, type, status) VALUES (280, 2, '16D', 16, 4, 'economy', 'available');
INSERT INTO app_seat (id, airplane_id, number, row, column, type, status) VALUES (281, 2, '16E', 16, 5, 'economy', 'available');
INSERT INTO app_seat (id, airplane_id, number, row, column, type, status) VALUES (282, 2, '16F', 16, 6, 'economy', 'available');
INSERT INTO app_seat (id, airplane_id, number, row, column, type, status) VALUES (283, 2, '17A', 17, 1, 'economy', 'available');
INSERT INTO app_seat (id, airplane_id, number, row, column, type, status) VALUES (284, 2, '17B', 17, 2, 'economy', 'available');
INSERT INTO app_seat (id, airplane_id, number, row, column, type, status) VALUES (285, 2, '17C', 17, 3, 'economy', 'available');
INSERT INTO app_seat (id, airplane_id, number, row, column, type, status) VALUES (286, 2, '17D', 17, 4, 'economy', 'available');
INSERT INTO app_seat (id, airplane_id, number, row, column, type, status) VALUES (287, 2, '17E', 17, 5, 'economy', 'available');
INSERT INTO app_seat (id, airplane_id, number, row, column, type, status) VALUES (288, 2, '17F', 17, 6, 'economy', 'available');
INSERT INTO app_seat (id, airplane_id, number, row, column, type, status) VALUES (289, 2, '18A', 18, 1, 'economy', 'available');
INSERT INTO app_seat (id, airplane_id, number, row, column, type, status) VALUES (290, 2, '18B', 18, 2, 'economy', 'available');
INSERT INTO app_seat (id, airplane_id, number, row, column, type, status) VALUES (291, 2, '18C', 18, 3, 'economy', 'available');
INSERT INTO app_seat (id, airplane_id, number, row, column, type, status) VALUES (292, 2, '18D', 18, 4, 'economy', 'available');
INSERT INTO app_seat (id, airplane_id, number, row, column, type, status) VALUES (293, 2, '18E', 18, 5, 'economy', 'available');
INSERT INTO app_seat (id, airplane_id, number, row, column, type, status) VALUES (294, 2, '18F', 18, 6, 'economy', 'available');
INSERT INTO app_seat (id, airplane_id, number, row, column, type, status) VALUES (295, 2, '19A', 19, 1, 'economy', 'available');
INSERT INTO app_seat (id, airplane_id, number, row, column, type, status) VALUES (296, 2, '19B', 19, 2, 'economy', 'available');
INSERT INTO app_seat (id, airplane_id, number, row, column, type, status) VALUES (297, 2, '19C', 19, 3, 'economy', 'available');
INSERT INTO app_seat (id, airplane_id, number, row, column, type, status) VALUES (298, 2, '19D', 19, 4, 'economy', 'available');
INSERT INTO app_seat (id, airplane_id, number, row, column, type, status) VALUES (299, 2, '19E', 19, 5, 'economy', 'available');
INSERT INTO app_seat (id, airplane_id, number, row, column, type, status) VALUES (300, 2, '19F', 19, 6, 'economy', 'available');
INSERT INTO app_seat (id, airplane_id, number, row, column, type, status) VALUES (301, 2, '20A', 20, 1, 'economy', 'available');
INSERT INTO app_seat (id, airplane_id, number, row, column, type, status) VALUES (302, 2, '20B', 20, 2, 'economy', 'available');
INSERT INTO app_seat (id, airplane_id, number, row, column, type, status) VALUES (303, 2, '20C', 20, 3, 'economy', 'available');
INSERT INTO app_seat (id, airplane_id, number, row, column, type, status) VALUES (304, 2, '20D', 20, 4, 'economy', 'available');
INSERT INTO app_seat (id, airplane_id, number, row, column, type, status) VALUES (305, 2, '20E', 20, 5, 'economy', 'available');
INSERT INTO app_seat (id, airplane_id, number, row, column, type, status) VALUES (306, 2, '20F', 20, 6, 'economy', 'available');
INSERT INTO app_seat (id, airplane_id, number, row, column, type, status) VALUES (307, 2, '21A', 21, 1, 'economy', 'available');
INSERT INTO app_seat (id, airplane_id, number, row, column, type, status) VALUES (308, 2, '21B', 21, 2, 'economy', 'available');
INSERT INTO app_seat (id, airplane_id, number, row, column, type, status) VALUES (309, 2, '21C', 21, 3, 'economy', 'available');
INSERT INTO app_seat (id, airplane_id, number, row, column, type, status) VALUES (310, 2, '21D', 21, 4, 'economy', 'available');
INSERT INTO app_seat (id, airplane_id, number, row, column, type, status) VALUES (311, 2, '21E', 21, 5, 'economy', 'available');
INSERT INTO app_seat (id, airplane_id, number, row, column, type, status) VALUES (312, 2, '21F', 21, 6, 'economy', 'available');
INSERT INTO app_seat (id, airplane_id, number, row, column, type, status) VALUES (313, 2, '22A', 22, 1, 'economy', 'available');
INSERT INTO app_seat (id, airplane_id, number, row, column, type, status) VALUES (314, 2, '22B', 22, 2, 'economy', 'available');
INSERT INTO app_seat (id, airplane_id, number, row, column, type, status) VALUES (315, 2, '22C', 22, 3, 'economy', 'available');
INSERT INTO app_seat (id, airplane_id, number, row, column, type, status) VALUES (316, 2, '22D', 22, 4, 'economy', 'available');
INSERT INTO app_seat (id, airplane_id, number, row, column, type, status) VALUES (317, 2, '22E', 22, 5, 'economy', 'available');
INSERT INTO app_seat (id, airplane_id, number, row, column, type, status) VALUES (318, 2, '22F', 22, 6, 'economy', 'available');
INSERT INTO app_seat (id, airplane_id, number, row, column, type, status) VALUES (319, 2, '23A', 23, 1, 'economy', 'available');
INSERT INTO app_seat (id, airplane_id, number, row, column, type, status) VALUES (320, 2, '23B', 23, 2, 'economy', 'available');
INSERT INTO app_seat (id, airplane_id, number, row, column, type, status) VALUES (321, 2, '23C', 23, 3, 'economy', 'available');
INSERT INTO app_seat (id, airplane_id, number, row, column, type, status) VALUES (322, 2, '23D', 23, 4, 'economy', 'available');
INSERT INTO app_seat (id, airplane_id, number, row, column, type, status) VALUES (323, 2, '23E', 23, 5, 'economy', 'available');
INSERT INTO app_seat (id, airplane_id, number, row, column, type, status) VALUES (324, 2, '23F', 23, 6, 'economy', 'available');
INSERT INTO app_seat (id, airplane_id, number, row, column, type, status) VALUES (325, 2, '24A', 24, 1, 'economy', 'available');
INSERT INTO app_seat (id, airplane_id, number, row, column, type, status) VALUES (326, 2, '24B', 24, 2, 'economy', 'available');
INSERT INTO app_seat (id, airplane_id, number, row, column, type, status) VALUES (327, 2, '24C', 24, 3, 'economy', 'available');
INSERT INTO app_seat (id, airplane_id, number, row, column, type, status) VALUES (328, 2, '24D', 24, 4, 'economy', 'available');
INSERT INTO app_seat (id, airplane_id, number, row, column, type, status) VALUES (329, 2, '24E', 24, 5, 'economy', 'available');
INSERT INTO app_seat (id, airplane_id, number, row, column, type, status) VALUES (330, 2, '24F', 24, 6, 'economy', 'available');
INSERT INTO app_seat (id, airplane_id, number, row, column, type, status) VALUES (331, 2, '25A', 25, 1, 'economy', 'available');
INSERT INTO app_seat (id, airplane_id, number, row, column, type, status) VALUES (332, 2, '25B', 25, 2, 'economy', 'available');
INSERT INTO app_seat (id, airplane_id, number, row, column, type, status) VALUES (333, 2, '25C', 25, 3, 'economy', 'available');
INSERT INTO app_seat (id, airplane_id, number, row, column, type, status) VALUES (334, 2, '25D', 25, 4, 'economy', 'available');
INSERT INTO app_seat (id, airplane_id, number, row, column, type, status) VALUES (335, 2, '25E', 25, 5, 'economy', 'available');
INSERT INTO app_seat (id, airplane_id, number, row, column, type, status) VALUES (336, 2, '25F', 25, 6, 'economy', 'available');
INSERT INTO app_seat (id, airplane_id, number, row, column, type, status) VALUES (337, 2, '26A', 26, 1, 'economy', 'available');
INSERT INTO app_seat (id, airplane_id, number, row, column, type, status) VALUES (338, 2, '26B', 26, 2, 'economy', 'available');
INSERT INTO app_seat (id, airplane_id, number, row, column, type, status) VALUES (339, 2, '26C', 26, 3, 'economy', 'available');
INSERT INTO app_seat (id, airplane_id, number, row, column, type, status) VALUES (340, 2, '26D', 26, 4, 'economy', 'available');
INSERT INTO app_seat (id, airplane_id, number, row, column, type, status) VALUES (341, 2, '26E', 26, 5, 'economy', 'available');
INSERT INTO app_seat (id, airplane_id, number, row, column, type, status) VALUES (342, 2, '26F', 26, 6, 'economy', 'available');
INSERT INTO app_seat (id, airplane_id, number, row, column, type, status) VALUES (343, 2, '27A', 27, 1, 'economy', 'available');
INSERT INTO app_seat (id, airplane_id, number, row, column, type, status) VALUES (344, 2, '27B', 27, 2, 'economy', 'available');
INSERT INTO app_seat (id, airplane_id, number, row, column, type, status) VALUES (345, 2, '27C', 27, 3, 'economy', 'available');
INSERT INTO app_seat (id, airplane_id, number, row, column, type, status) VALUES (346, 2, '27D', 27, 4, 'economy', 'available');
INSERT INTO app_seat (id, airplane_id, number, row, column, type, status) VALUES (347, 2, '27E', 27, 5, 'economy', 'available');
INSERT INTO app_seat (id, airplane_id, number, row, column, type, status) VALUES (348, 2, '27F', 27, 6, 'economy', 'available');
INSERT INTO app_seat (id, airplane_id, number, row, column, type, status) VALUES (349, 2, '28A', 28, 1, 'economy', 'available');
INSERT INTO app_seat (id, airplane_id, number, row, column, type, status) VALUES (350, 2, '28B', 28, 2, 'economy', 'available');
INSERT INTO app_seat (id, airplane_id, number, row, column, type, status) VALUES (351, 2, '28C', 28, 3, 'economy', 'available');
INSERT INTO app_seat (id, airplane_id, number, row, column, type, status) VALUES (352, 2, '28D', 28, 4, 'economy', 'available');
INSERT INTO app_seat (id, airplane_id, number, row, column, type, status) VALUES (353, 2, '28E', 28, 5, 'economy', 'available');
INSERT INTO app_seat (id, airplane_id, number, row, column, type, status) VALUES (354, 2, '28F', 28, 6, 'economy', 'available');
INSERT INTO app_seat (id, airplane_id, number, row, column, type, status) VALUES (355, 2, '29A', 29, 1, 'economy', 'available');
INSERT INTO app_seat (id, airplane_id, number, row, column, type, status) VALUES (356, 2, '29B', 29, 2, 'economy', 'available');
INSERT INTO app_seat (id, airplane_id, number, row, column, type, status) VALUES (357, 2, '29C', 29, 3, 'economy', 'available');
INSERT INTO app_seat (id, airplane_id, number, row, column, type, status) VALUES (358, 2, '29D', 29, 4, 'economy', 'available');
INSERT INTO app_seat (id, airplane_id, number, row, column, type, status) VALUES (359, 2, '29E', 29, 5, 'economy', 'available');
INSERT INTO app_seat (id, airplane_id, number, row, column, type, status) VALUES (360, 2, '29F', 29, 6, 'economy', 'available');
INSERT INTO app_seat (id, airplane_id, number, row, column, type, status) VALUES (361, 3, '1A', 1, 1, 'business', 'available');
INSERT INTO app_seat (id, airplane_id, number, row, column, type, status) VALUES (362, 3, '1B', 1, 2, 'business', 'available');
INSERT INTO app_seat (id, airplane_id, number, row, column, type, status) VALUES (363, 3, '1C', 1, 3, 'business', 'available');
INSERT INTO app_seat (id, airplane_id, number, row, column, type, status) VALUES (364, 3, '1D', 1, 4, 'business', 'available');
INSERT INTO app_seat (id, airplane_id, number, row, column, type, status) VALUES (365, 3, '2A', 2, 1, 'business', 'available');
INSERT INTO app_seat (id, airplane_id, number, row, column, type, status) VALUES (366, 3, '2B', 2, 2, 'business', 'available');
INSERT INTO app_seat (id, airplane_id, number, row, column, type, status) VALUES (367, 3, '2C', 2, 3, 'business', 'available');
INSERT INTO app_seat (id, airplane_id, number, row, column, type, status) VALUES (368, 3, '2D', 2, 4, 'business', 'available');
INSERT INTO app_seat (id, airplane_id, number, row, column, type, status) VALUES (369, 3, '3A', 3, 1, 'business', 'available');
INSERT INTO app_seat (id, airplane_id, number, row, column, type, status) VALUES (370, 3, '3B', 3, 2, 'business', 'available');
INSERT INTO app_seat (id, airplane_id, number, row, column, type, status) VALUES (371, 3, '3C', 3, 3, 'business', 'available');
INSERT INTO app_seat (id, airplane_id, number, row, column, type, status) VALUES (372, 3, '3D', 3, 4, 'business', 'available');
INSERT INTO app_seat (id, airplane_id, number, row, column, type, status) VALUES (373, 3, '4A', 4, 1, 'premium', 'available');
INSERT INTO app_seat (id, airplane_id, number, row, column, type, status) VALUES (374, 3, '4B', 4, 2, 'premium', 'available');
INSERT INTO app_seat (id, airplane_id, number, row, column, type, status) VALUES (375, 3, '4C', 4, 3, 'premium', 'available');
INSERT INTO app_seat (id, airplane_id, number, row, column, type, status) VALUES (376, 3, '4D', 4, 4, 'premium', 'available');
INSERT INTO app_seat (id, airplane_id, number, row, column, type, status) VALUES (377, 3, '5A', 5, 1, 'premium', 'available');
INSERT INTO app_seat (id, airplane_id, number, row, column, type, status) VALUES (378, 3, '5B', 5, 2, 'premium', 'available');
INSERT INTO app_seat (id, airplane_id, number, row, column, type, status) VALUES (379, 3, '5C', 5, 3, 'premium', 'available');
INSERT INTO app_seat (id, airplane_id, number, row, column, type, status) VALUES (380, 3, '5D', 5, 4, 'premium', 'available');
INSERT INTO app_seat (id, airplane_id, number, row, column, type, status) VALUES (381, 3, '6A', 6, 1, 'premium', 'available');
INSERT INTO app_seat (id, airplane_id, number, row, column, type, status) VALUES (382, 3, '6B', 6, 2, 'premium', 'available');
INSERT INTO app_seat (id, airplane_id, number, row, column, type, status) VALUES (383, 3, '6C', 6, 3, 'premium', 'available');
INSERT INTO app_seat (id, airplane_id, number, row, column, type, status) VALUES (384, 3, '6D', 6, 4, 'premium', 'available');
INSERT INTO app_seat (id, airplane_id, number, row, column, type, status) VALUES (385, 3, '7A', 7, 1, 'premium', 'available');
INSERT INTO app_seat (id, airplane_id, number, row, column, type, status) VALUES (386, 3, '7B', 7, 2, 'premium', 'available');
INSERT INTO app_seat (id, airplane_id, number, row, column, type, status) VALUES (387, 3, '7C', 7, 3, 'premium', 'available');
INSERT INTO app_seat (id, airplane_id, number, row, column, type, status) VALUES (388, 3, '7D', 7, 4, 'premium', 'available');
INSERT INTO app_seat (id, airplane_id, number, row, column, type, status) VALUES (389, 3, '8A', 8, 1, 'economy', 'available');
INSERT INTO app_seat (id, airplane_id, number, row, column, type, status) VALUES (390, 3, '8B', 8, 2, 'economy', 'available');
INSERT INTO app_seat (id, airplane_id, number, row, column, type, status) VALUES (391, 3, '8C', 8, 3, 'economy', 'available');
INSERT INTO app_seat (id, airplane_id, number, row, column, type, status) VALUES (392, 3, '8D', 8, 4, 'economy', 'available');
INSERT INTO app_seat (id, airplane_id, number, row, column, type, status) VALUES (393, 3, '9A', 9, 1, 'economy', 'available');
INSERT INTO app_seat (id, airplane_id, number, row, column, type, status) VALUES (394, 3, '9B', 9, 2, 'economy', 'available');
INSERT INTO app_seat (id, airplane_id, number, row, column, type, status) VALUES (395, 3, '9C', 9, 3, 'economy', 'available');
INSERT INTO app_seat (id, airplane_id, number, row, column, type, status) VALUES (396, 3, '9D', 9, 4, 'economy', 'available');
INSERT INTO app_seat (id, airplane_id, number, row, column, type, status) VALUES (397, 3, '10A', 10, 1, 'economy', 'available');
INSERT INTO app_seat (id, airplane_id, number, row, column, type, status) VALUES (398, 3, '10B', 10, 2, 'economy', 'available');
INSERT INTO app_seat (id, airplane_id, number, row, column, type, status) VALUES (399, 3, '10C', 10, 3, 'economy', 'available');
INSERT INTO app_seat (id, airplane_id, number, row, column, type, status) VALUES (400, 3, '10D', 10, 4, 'economy', 'available');
INSERT INTO app_seat (id, airplane_id, number, row, column, type, status) VALUES (401, 3, '11A', 11, 1, 'economy', 'available');
INSERT INTO app_seat (id, airplane_id, number, row, column, type, status) VALUES (402, 3, '11B', 11, 2, 'economy', 'available');
INSERT INTO app_seat (id, airplane_id, number, row, column, type, status) VALUES (403, 3, '11C', 11, 3, 'economy', 'available');
INSERT INTO app_seat (id, airplane_id, number, row, column, type, status) VALUES (404, 3, '11D', 11, 4, 'economy', 'available');
INSERT INTO app_seat (id, airplane_id, number, row, column, type, status) VALUES (405, 3, '12A', 12, 1, 'economy', 'available');
INSERT INTO app_seat (id, airplane_id, number, row, column, type, status) VALUES (406, 3, '12B', 12, 2, 'economy', 'available');
INSERT INTO app_seat (id, airplane_id, number, row, column, type, status) VALUES (407, 3, '12C', 12, 3, 'economy', 'available');
INSERT INTO app_seat (id, airplane_id, number, row, column, type, status) VALUES (408, 3, '12D', 12, 4, 'economy', 'available');
INSERT INTO app_seat (id, airplane_id, number, row, column, type, status) VALUES (409, 3, '13A', 13, 1, 'economy', 'available');
INSERT INTO app_seat (id, airplane_id, number, row, column, type, status) VALUES (410, 3, '13B', 13, 2, 'economy', 'available');
INSERT INTO app_seat (id, airplane_id, number, row, column, type, status) VALUES (411, 3, '13C', 13, 3, 'economy', 'available');
INSERT INTO app_seat (id, airplane_id, number, row, column, type, status) VALUES (412, 3, '13D', 13, 4, 'economy', 'available');
INSERT INTO app_seat (id, airplane_id, number, row, column, type, status) VALUES (413, 3, '14A', 14, 1, 'economy', 'available');
INSERT INTO app_seat (id, airplane_id, number, row, column, type, status) VALUES (414, 3, '14B', 14, 2, 'economy', 'available');
INSERT INTO app_seat (id, airplane_id, number, row, column, type, status) VALUES (415, 3, '14C', 14, 3, 'economy', 'available');
INSERT INTO app_seat (id, airplane_id, number, row, column, type, status) VALUES (416, 3, '14D', 14, 4, 'economy', 'available');
INSERT INTO app_seat (id, airplane_id, number, row, column, type, status) VALUES (417, 3, '15A', 15, 1, 'economy', 'available');
INSERT INTO app_seat (id, airplane_id, number, row, column, type, status) VALUES (418, 3, '15B', 15, 2, 'economy', 'available');
INSERT INTO app_seat (id, airplane_id, number, row, column, type, status) VALUES (419, 3, '15C', 15, 3, 'economy', 'available');
INSERT INTO app_seat (id, airplane_id, number, row, column, type, status) VALUES (420, 3, '15D', 15, 4, 'economy', 'available');
INSERT INTO app_seat (id, airplane_id, number, row, column, type, status) VALUES (421, 3, '16A', 16, 1, 'economy', 'available');
INSERT INTO app_seat (id, airplane_id, number, row, column, type, status) VALUES (422, 3, '16B', 16, 2, 'economy', 'available');
INSERT INTO app_seat (id, airplane_id, number, row, column, type, status) VALUES (423, 3, '16C', 16, 3, 'economy', 'available');
INSERT INTO app_seat (id, airplane_id, number, row, column, type, status) VALUES (424, 3, '16D', 16, 4, 'economy', 'available');
INSERT INTO app_seat (id, airplane_id, number, row, column, type, status) VALUES (425, 3, '17A', 17, 1, 'economy', 'available');
INSERT INTO app_seat (id, airplane_id, number, row, column, type, status) VALUES (426, 3, '17B', 17, 2, 'economy', 'available');
INSERT INTO app_seat (id, airplane_id, number, row, column, type, status) VALUES (427, 3, '17C', 17, 3, 'economy', 'available');
INSERT INTO app_seat (id, airplane_id, number, row, column, type, status) VALUES (428, 3, '17D', 17, 4, 'economy', 'available');
INSERT INTO app_seat (id, airplane_id, number, row, column, type, status) VALUES (429, 3, '18A', 18, 1, 'economy', 'available');
INSERT INTO app_seat (id, airplane_id, number, row, column, type, status) VALUES (430, 3, '18B', 18, 2, 'economy', 'available');
INSERT INTO app_seat (id, airplane_id, number, row, column, type, status) VALUES (431, 3, '18C', 18, 3, 'economy', 'available');
INSERT INTO app_seat (id, airplane_id, number, row, column, type, status) VALUES (432, 3, '18D', 18, 4, 'economy', 'available');
INSERT INTO app_seat (id, airplane_id, number, row, column, type, status) VALUES (433, 3, '19A', 19, 1, 'economy', 'available');
INSERT INTO app_seat (id, airplane_id, number, row, column, type, status) VALUES (434, 3, '19B', 19, 2, 'economy', 'available');
INSERT INTO app_seat (id, airplane_id, number, row, column, type, status) VALUES (435, 3, '19C', 19, 3, 'economy', 'available');
INSERT INTO app_seat (id, airplane_id, number, row, column, type, status) VALUES (436, 3, '19D', 19, 4, 'economy', 'available');
INSERT INTO app_seat (id, airplane_id, number, row, column, type, status) VALUES (437, 3, '20A', 20, 1, 'economy', 'available');
INSERT INTO app_seat (id, airplane_id, number, row, column, type, status) VALUES (438, 3, '20B', 20, 2, 'economy', 'available');
INSERT INTO app_seat (id, airplane_id, number, row, column, type, status) VALUES (439, 3, '20C', 20, 3, 'economy', 'available');
INSERT INTO app_seat (id, airplane_id, number, row, column, type, status) VALUES (440, 3, '20D', 20, 4, 'economy', 'available');
INSERT INTO app_seat (id, airplane_id, number, row, column, type, status) VALUES (441, 3, '21A', 21, 1, 'economy', 'available');
INSERT INTO app_seat (id, airplane_id, number, row, column, type, status) VALUES (442, 3, '21B', 21, 2, 'economy', 'available');
INSERT INTO app_seat (id, airplane_id, number, row, column, type, status) VALUES (443, 3, '21C', 21, 3, 'economy', 'available');
INSERT INTO app_seat (id, airplane_id, number, row, column, type, status) VALUES (444, 3, '21D', 21, 4, 'economy', 'available');
INSERT INTO app_seat (id, airplane_id, number, row, column, type, status) VALUES (445, 3, '22A', 22, 1, 'economy', 'available');
INSERT INTO app_seat (id, airplane_id, number, row, column, type, status) VALUES (446, 3, '22B', 22, 2, 'economy', 'available');
INSERT INTO app_seat (id, airplane_id, number, row, column, type, status) VALUES (447, 3, '22C', 22, 3, 'economy', 'available');
INSERT INTO app_seat (id, airplane_id, number, row, column, type, status) VALUES (448, 3, '22D', 22, 4, 'economy', 'available');
INSERT INTO app_seat (id, airplane_id, number, row, column, type, status) VALUES (449, 3, '23A', 23, 1, 'economy', 'available');
INSERT INTO app_seat (id, airplane_id, number, row, column, type, status) VALUES (450, 3, '23B', 23, 2, 'economy', 'available');
INSERT INTO app_seat (id, airplane_id, number, row, column, type, status) VALUES (451, 3, '23C', 23, 3, 'economy', 'available');
INSERT INTO app_seat (id, airplane_id, number, row, column, type, status) VALUES (452, 3, '23D', 23, 4, 'economy', 'available');
INSERT INTO app_seat (id, airplane_id, number, row, column, type, status) VALUES (453, 3, '24A', 24, 1, 'economy', 'available');
INSERT INTO app_seat (id, airplane_id, number, row, column, type, status) VALUES (454, 3, '24B', 24, 2, 'economy', 'available');
INSERT INTO app_seat (id, airplane_id, number, row, column, type, status) VALUES (455, 3, '24C', 24, 3, 'economy', 'available');
INSERT INTO app_seat (id, airplane_id, number, row, column, type, status) VALUES (456, 3, '24D', 24, 4, 'economy', 'available');
INSERT INTO app_seat (id, airplane_id, number, row, column, type, status) VALUES (457, 4, '1A', 1, 1, 'business', 'available');
INSERT INTO app_seat (id, airplane_id, number, row, column, type, status) VALUES (458, 4, '1B', 1, 2, 'business', 'available');
INSERT INTO app_seat (id, airplane_id, number, row, column, type, status) VALUES (459, 4, '1C', 1, 3, 'business', 'available');
INSERT INTO app_seat (id, airplane_id, number, row, column, type, status) VALUES (460, 4, '1D', 1, 4, 'business', 'available');
INSERT INTO app_seat (id, airplane_id, number, row, column, type, status) VALUES (461, 4, '1E', 1, 5, 'business', 'available');
INSERT INTO app_seat (id, airplane_id, number, row, column, type, status) VALUES (462, 4, '1F', 1, 6, 'business', 'available');
INSERT INTO app_seat (id, airplane_id, number, row, column, type, status) VALUES (463, 4, '1G', 1, 7, 'business', 'available');
INSERT INTO app_seat (id, airplane_id, number, row, column, type, status) VALUES (464, 4, '1H', 1, 8, 'business', 'available');
INSERT INTO app_seat (id, airplane_id, number, row, column, type, status) VALUES (465, 4, '2A', 2, 1, 'business', 'available');
INSERT INTO app_seat (id, airplane_id, number, row, column, type, status) VALUES (466, 4, '2B', 2, 2, 'business', 'available');
INSERT INTO app_seat (id, airplane_id, number, row, column, type, status) VALUES (467, 4, '2C', 2, 3, 'business', 'available');
INSERT INTO app_seat (id, airplane_id, number, row, column, type, status) VALUES (468, 4, '2D', 2, 4, 'business', 'available');
INSERT INTO app_seat (id, airplane_id, number, row, column, type, status) VALUES (469, 4, '2E', 2, 5, 'business', 'available');
INSERT INTO app_seat (id, airplane_id, number, row, column, type, status) VALUES (470, 4, '2F', 2, 6, 'business', 'available');
INSERT INTO app_seat (id, airplane_id, number, row, column, type, status) VALUES (471, 4, '2G', 2, 7, 'business', 'available');
INSERT INTO app_seat (id, airplane_id, number, row, column, type, status) VALUES (472, 4, '2H', 2, 8, 'business', 'available');
INSERT INTO app_seat (id, airplane_id, number, row, column, type, status) VALUES (473, 4, '3A', 3, 1, 'business', 'available');
INSERT INTO app_seat (id, airplane_id, number, row, column, type, status) VALUES (474, 4, '3B', 3, 2, 'business', 'available');
INSERT INTO app_seat (id, airplane_id, number, row, column, type, status) VALUES (475, 4, '3C', 3, 3, 'business', 'available');
INSERT INTO app_seat (id, airplane_id, number, row, column, type, status) VALUES (476, 4, '3D', 3, 4, 'business', 'available');
INSERT INTO app_seat (id, airplane_id, number, row, column, type, status) VALUES (477, 4, '3E', 3, 5, 'business', 'available');
INSERT INTO app_seat (id, airplane_id, number, row, column, type, status) VALUES (478, 4, '3F', 3, 6, 'business', 'available');
INSERT INTO app_seat (id, airplane_id, number, row, column, type, status) VALUES (479, 4, '3G', 3, 7, 'business', 'available');
INSERT INTO app_seat (id, airplane_id, number, row, column, type, status) VALUES (480, 4, '3H', 3, 8, 'business', 'available');
INSERT INTO app_seat (id, airplane_id, number, row, column, type, status) VALUES (481, 4, '4A', 4, 1, 'premium', 'available');
INSERT INTO app_seat (id, airplane_id, number, row, column, type, status) VALUES (482, 4, '4B', 4, 2, 'premium', 'available');
INSERT INTO app_seat (id, airplane_id, number, row, column, type, status) VALUES (483, 4, '4C', 4, 3, 'premium', 'available');
INSERT INTO app_seat (id, airplane_id, number, row, column, type, status) VALUES (484, 4, '4D', 4, 4, 'premium', 'available');
INSERT INTO app_seat (id, airplane_id, number, row, column, type, status) VALUES (485, 4, '4E', 4, 5, 'premium', 'available');
INSERT INTO app_seat (id, airplane_id, number, row, column, type, status) VALUES (486, 4, '4F', 4, 6, 'premium', 'available');
INSERT INTO app_seat (id, airplane_id, number, row, column, type, status) VALUES (487, 4, '4G', 4, 7, 'premium', 'available');
INSERT INTO app_seat (id, airplane_id, number, row, column, type, status) VALUES (488, 4, '4H', 4, 8, 'premium', 'available');
INSERT INTO app_seat (id, airplane_id, number, row, column, type, status) VALUES (489, 4, '5A', 5, 1, 'premium', 'available');
INSERT INTO app_seat (id, airplane_id, number, row, column, type, status) VALUES (490, 4, '5B', 5, 2, 'premium', 'available');
INSERT INTO app_seat (id, airplane_id, number, row, column, type, status) VALUES (491, 4, '5C', 5, 3, 'premium', 'available');
INSERT INTO app_seat (id, airplane_id, number, row, column, type, status) VALUES (492, 4, '5D', 5, 4, 'premium', 'available');
INSERT INTO app_seat (id, airplane_id, number, row, column, type, status) VALUES (493, 4, '5E', 5, 5, 'premium', 'available');
INSERT INTO app_seat (id, airplane_id, number, row, column, type, status) VALUES (494, 4, '5F', 5, 6, 'premium', 'available');
INSERT INTO app_seat (id, airplane_id, number, row, column, type, status) VALUES (495, 4, '5G', 5, 7, 'premium', 'available');
INSERT INTO app_seat (id, airplane_id, number, row, column, type, status) VALUES (496, 4, '5H', 5, 8, 'premium', 'available');
INSERT INTO app_seat (id, airplane_id, number, row, column, type, status) VALUES (497, 4, '6A', 6, 1, 'premium', 'available');
INSERT INTO app_seat (id, airplane_id, number, row, column, type, status) VALUES (498, 4, '6B', 6, 2, 'premium', 'available');
INSERT INTO app_seat (id, airplane_id, number, row, column, type, status) VALUES (499, 4, '6C', 6, 3, 'premium', 'available');
INSERT INTO app_seat (id, airplane_id, number, row, column, type, status) VALUES (500, 4, '6D', 6, 4, 'premium', 'available');
INSERT INTO app_seat (id, airplane_id, number, row, column, type, status) VALUES (501, 4, '6E', 6, 5, 'premium', 'available');
INSERT INTO app_seat (id, airplane_id, number, row, column, type, status) VALUES (502, 4, '6F', 6, 6, 'premium', 'available');
INSERT INTO app_seat (id, airplane_id, number, row, column, type, status) VALUES (503, 4, '6G', 6, 7, 'premium', 'available');
INSERT INTO app_seat (id, airplane_id, number, row, column, type, status) VALUES (504, 4, '6H', 6, 8, 'premium', 'available');
INSERT INTO app_seat (id, airplane_id, number, row, column, type, status) VALUES (505, 4, '7A', 7, 1, 'premium', 'available');
INSERT INTO app_seat (id, airplane_id, number, row, column, type, status) VALUES (506, 4, '7B', 7, 2, 'premium', 'available');
INSERT INTO app_seat (id, airplane_id, number, row, column, type, status) VALUES (507, 4, '7C', 7, 3, 'premium', 'available');
INSERT INTO app_seat (id, airplane_id, number, row, column, type, status) VALUES (508, 4, '7D', 7, 4, 'premium', 'available');
INSERT INTO app_seat (id, airplane_id, number, row, column, type, status) VALUES (509, 4, '7E', 7, 5, 'premium', 'available');
INSERT INTO app_seat (id, airplane_id, number, row, column, type, status) VALUES (510, 4, '7F', 7, 6, 'premium', 'available');
INSERT INTO app_seat (id, airplane_id, number, row, column, type, status) VALUES (511, 4, '7G', 7, 7, 'premium', 'available');
INSERT INTO app_seat (id, airplane_id, number, row, column, type, status) VALUES (512, 4, '7H', 7, 8, 'premium', 'available');
INSERT INTO app_seat (id, airplane_id, number, row, column, type, status) VALUES (513, 4, '8A', 8, 1, 'economy', 'available');
INSERT INTO app_seat (id, airplane_id, number, row, column, type, status) VALUES (514, 4, '8B', 8, 2, 'economy', 'available');
INSERT INTO app_seat (id, airplane_id, number, row, column, type, status) VALUES (515, 4, '8C', 8, 3, 'economy', 'available');
INSERT INTO app_seat (id, airplane_id, number, row, column, type, status) VALUES (516, 4, '8D', 8, 4, 'economy', 'available');
INSERT INTO app_seat (id, airplane_id, number, row, column, type, status) VALUES (517, 4, '8E', 8, 5, 'economy', 'available');
INSERT INTO app_seat (id, airplane_id, number, row, column, type, status) VALUES (518, 4, '8F', 8, 6, 'economy', 'available');
INSERT INTO app_seat (id, airplane_id, number, row, column, type, status) VALUES (519, 4, '8G', 8, 7, 'economy', 'available');
INSERT INTO app_seat (id, airplane_id, number, row, column, type, status) VALUES (520, 4, '8H', 8, 8, 'economy', 'available');
INSERT INTO app_seat (id, airplane_id, number, row, column, type, status) VALUES (521, 4, '9A', 9, 1, 'economy', 'available');
INSERT INTO app_seat (id, airplane_id, number, row, column, type, status) VALUES (522, 4, '9B', 9, 2, 'economy', 'available');
INSERT INTO app_seat (id, airplane_id, number, row, column, type, status) VALUES (523, 4, '9C', 9, 3, 'economy', 'available');
INSERT INTO app_seat (id, airplane_id, number, row, column, type, status) VALUES (524, 4, '9D', 9, 4, 'economy', 'available');
INSERT INTO app_seat (id, airplane_id, number, row, column, type, status) VALUES (525, 4, '9E', 9, 5, 'economy', 'available');
INSERT INTO app_seat (id, airplane_id, number, row, column, type, status) VALUES (526, 4, '9F', 9, 6, 'economy', 'available');
INSERT INTO app_seat (id, airplane_id, number, row, column, type, status) VALUES (527, 4, '9G', 9, 7, 'economy', 'available');
INSERT INTO app_seat (id, airplane_id, number, row, column, type, status) VALUES (528, 4, '9H', 9, 8, 'economy', 'available');
INSERT INTO app_seat (id, airplane_id, number, row, column, type, status) VALUES (529, 4, '10A', 10, 1, 'economy', 'available');
INSERT INTO app_seat (id, airplane_id, number, row, column, type, status) VALUES (530, 4, '10B', 10, 2, 'economy', 'available');
INSERT INTO app_seat (id, airplane_id, number, row, column, type, status) VALUES (531, 4, '10C', 10, 3, 'economy', 'available');
INSERT INTO app_seat (id, airplane_id, number, row, column, type, status) VALUES (532, 4, '10D', 10, 4, 'economy', 'available');
INSERT INTO app_seat (id, airplane_id, number, row, column, type, status) VALUES (533, 4, '10E', 10, 5, 'economy', 'available');
INSERT INTO app_seat (id, airplane_id, number, row, column, type, status) VALUES (534, 4, '10F', 10, 6, 'economy', 'available');
INSERT INTO app_seat (id, airplane_id, number, row, column, type, status) VALUES (535, 4, '10G', 10, 7, 'economy', 'available');
INSERT INTO app_seat (id, airplane_id, number, row, column, type, status) VALUES (536, 4, '10H', 10, 8, 'economy', 'available');
INSERT INTO app_seat (id, airplane_id, number, row, column, type, status) VALUES (537, 4, '11A', 11, 1, 'economy', 'available');
INSERT INTO app_seat (id, airplane_id, number, row, column, type, status) VALUES (538, 4, '11B', 11, 2, 'economy', 'available');
INSERT INTO app_seat (id, airplane_id, number, row, column, type, status) VALUES (539, 4, '11C', 11, 3, 'economy', 'available');
INSERT INTO app_seat (id, airplane_id, number, row, column, type, status) VALUES (540, 4, '11D', 11, 4, 'economy', 'available');
INSERT INTO app_seat (id, airplane_id, number, row, column, type, status) VALUES (541, 4, '11E', 11, 5, 'economy', 'available');
INSERT INTO app_seat (id, airplane_id, number, row, column, type, status) VALUES (542, 4, '11F', 11, 6, 'economy', 'available');
INSERT INTO app_seat (id, airplane_id, number, row, column, type, status) VALUES (543, 4, '11G', 11, 7, 'economy', 'available');
INSERT INTO app_seat (id, airplane_id, number, row, column, type, status) VALUES (544, 4, '11H', 11, 8, 'economy', 'available');
INSERT INTO app_seat (id, airplane_id, number, row, column, type, status) VALUES (545, 4, '12A', 12, 1, 'economy', 'available');
INSERT INTO app_seat (id, airplane_id, number, row, column, type, status) VALUES (546, 4, '12B', 12, 2, 'economy', 'available');
INSERT INTO app_seat (id, airplane_id, number, row, column, type, status) VALUES (547, 4, '12C', 12, 3, 'economy', 'available');
INSERT INTO app_seat (id, airplane_id, number, row, column, type, status) VALUES (548, 4, '12D', 12, 4, 'economy', 'available');
INSERT INTO app_seat (id, airplane_id, number, row, column, type, status) VALUES (549, 4, '12E', 12, 5, 'economy', 'available');
INSERT INTO app_seat (id, airplane_id, number, row, column, type, status) VALUES (550, 4, '12F', 12, 6, 'economy', 'available');
INSERT INTO app_seat (id, airplane_id, number, row, column, type, status) VALUES (551, 4, '12G', 12, 7, 'economy', 'available');
INSERT INTO app_seat (id, airplane_id, number, row, column, type, status) VALUES (552, 4, '12H', 12, 8, 'economy', 'available');
INSERT INTO app_seat (id, airplane_id, number, row, column, type, status) VALUES (553, 4, '13A', 13, 1, 'economy', 'available');
INSERT INTO app_seat (id, airplane_id, number, row, column, type, status) VALUES (554, 4, '13B', 13, 2, 'economy', 'available');
INSERT INTO app_seat (id, airplane_id, number, row, column, type, status) VALUES (555, 4, '13C', 13, 3, 'economy', 'available');
INSERT INTO app_seat (id, airplane_id, number, row, column, type, status) VALUES (556, 4, '13D', 13, 4, 'economy', 'available');
INSERT INTO app_seat (id, airplane_id, number, row, column, type, status) VALUES (557, 4, '13E', 13, 5, 'economy', 'available');
INSERT INTO app_seat (id, airplane_id, number, row, column, type, status) VALUES (558, 4, '13F', 13, 6, 'economy', 'available');
INSERT INTO app_seat (id, airplane_id, number, row, column, type, status) VALUES (559, 4, '13G', 13, 7, 'economy', 'available');
INSERT INTO app_seat (id, airplane_id, number, row, column, type, status) VALUES (560, 4, '13H', 13, 8, 'economy', 'available');
INSERT INTO app_seat (id, airplane_id, number, row, column, type, status) VALUES (561, 4, '14A', 14, 1, 'economy', 'available');
INSERT INTO app_seat (id, airplane_id, number, row, column, type, status) VALUES (562, 4, '14B', 14, 2, 'economy', 'available');
INSERT INTO app_seat (id, airplane_id, number, row, column, type, status) VALUES (563, 4, '14C', 14, 3, 'economy', 'available');
INSERT INTO app_seat (id, airplane_id, number, row, column, type, status) VALUES (564, 4, '14D', 14, 4, 'economy', 'available');
INSERT INTO app_seat (id, airplane_id, number, row, column, type, status) VALUES (565, 4, '14E', 14, 5, 'economy', 'available');
INSERT INTO app_seat (id, airplane_id, number, row, column, type, status) VALUES (566, 4, '14F', 14, 6, 'economy', 'available');
INSERT INTO app_seat (id, airplane_id, number, row, column, type, status) VALUES (567, 4, '14G', 14, 7, 'economy', 'available');
INSERT INTO app_seat (id, airplane_id, number, row, column, type, status) VALUES (568, 4, '14H', 14, 8, 'economy', 'available');
INSERT INTO app_seat (id, airplane_id, number, row, column, type, status) VALUES (569, 4, '15A', 15, 1, 'economy', 'available');
INSERT INTO app_seat (id, airplane_id, number, row, column, type, status) VALUES (570, 4, '15B', 15, 2, 'economy', 'available');
INSERT INTO app_seat (id, airplane_id, number, row, column, type, status) VALUES (571, 4, '15C', 15, 3, 'economy', 'available');
INSERT INTO app_seat (id, airplane_id, number, row, column, type, status) VALUES (572, 4, '15D', 15, 4, 'economy', 'available');
INSERT INTO app_seat (id, airplane_id, number, row, column, type, status) VALUES (573, 4, '15E', 15, 5, 'economy', 'available');
INSERT INTO app_seat (id, airplane_id, number, row, column, type, status) VALUES (574, 4, '15F', 15, 6, 'economy', 'available');
INSERT INTO app_seat (id, airplane_id, number, row, column, type, status) VALUES (575, 4, '15G', 15, 7, 'economy', 'available');
INSERT INTO app_seat (id, airplane_id, number, row, column, type, status) VALUES (576, 4, '15H', 15, 8, 'economy', 'available');
INSERT INTO app_seat (id, airplane_id, number, row, column, type, status) VALUES (577, 4, '16A', 16, 1, 'economy', 'available');
INSERT INTO app_seat (id, airplane_id, number, row, column, type, status) VALUES (578, 4, '16B', 16, 2, 'economy', 'available');
INSERT INTO app_seat (id, airplane_id, number, row, column, type, status) VALUES (579, 4, '16C', 16, 3, 'economy', 'available');
INSERT INTO app_seat (id, airplane_id, number, row, column, type, status) VALUES (580, 4, '16D', 16, 4, 'economy', 'available');
INSERT INTO app_seat (id, airplane_id, number, row, column, type, status) VALUES (581, 4, '16E', 16, 5, 'economy', 'available');
INSERT INTO app_seat (id, airplane_id, number, row, column, type, status) VALUES (582, 4, '16F', 16, 6, 'economy', 'available');
INSERT INTO app_seat (id, airplane_id, number, row, column, type, status) VALUES (583, 4, '16G', 16, 7, 'economy', 'available');
INSERT INTO app_seat (id, airplane_id, number, row, column, type, status) VALUES (584, 4, '16H', 16, 8, 'economy', 'available');
INSERT INTO app_seat (id, airplane_id, number, row, column, type, status) VALUES (585, 4, '17A', 17, 1, 'economy', 'available');
INSERT INTO app_seat (id, airplane_id, number, row, column, type, status) VALUES (586, 4, '17B', 17, 2, 'economy', 'available');
INSERT INTO app_seat (id, airplane_id, number, row, column, type, status) VALUES (587, 4, '17C', 17, 3, 'economy', 'available');
INSERT INTO app_seat (id, airplane_id, number, row, column, type, status) VALUES (588, 4, '17D', 17, 4, 'economy', 'available');
INSERT INTO app_seat (id, airplane_id, number, row, column, type, status) VALUES (589, 4, '17E', 17, 5, 'economy', 'available');
INSERT INTO app_seat (id, airplane_id, number, row, column, type, status) VALUES (590, 4, '17F', 17, 6, 'economy', 'available');
INSERT INTO app_seat (id, airplane_id, number, row, column, type, status) VALUES (591, 4, '17G', 17, 7, 'economy', 'available');
INSERT INTO app_seat (id, airplane_id, number, row, column, type, status) VALUES (592, 4, '17H', 17, 8, 'economy', 'available');
INSERT INTO app_seat (id, airplane_id, number, row, column, type, status) VALUES (593, 4, '18A', 18, 1, 'economy', 'available');
INSERT INTO app_seat (id, airplane_id, number, row, column, type, status) VALUES (594, 4, '18B', 18, 2, 'economy', 'available');
INSERT INTO app_seat (id, airplane_id, number, row, column, type, status) VALUES (595, 4, '18C', 18, 3, 'economy', 'available');
INSERT INTO app_seat (id, airplane_id, number, row, column, type, status) VALUES (596, 4, '18D', 18, 4, 'economy', 'available');
INSERT INTO app_seat (id, airplane_id, number, row, column, type, status) VALUES (597, 4, '18E', 18, 5, 'economy', 'available');
INSERT INTO app_seat (id, airplane_id, number, row, column, type, status) VALUES (598, 4, '18F', 18, 6, 'economy', 'available');
INSERT INTO app_seat (id, airplane_id, number, row, column, type, status) VALUES (599, 4, '18G', 18, 7, 'economy', 'available');
INSERT INTO app_seat (id, airplane_id, number, row, column, type, status) VALUES (600, 4, '18H', 18, 8, 'economy', 'available');
INSERT INTO app_seat (id, airplane_id, number, row, column, type, status) VALUES (601, 4, '19A', 19, 1, 'economy', 'available');
INSERT INTO app_seat (id, airplane_id, number, row, column, type, status) VALUES (602, 4, '19B', 19, 2, 'economy', 'available');
INSERT INTO app_seat (id, airplane_id, number, row, column, type, status) VALUES (603, 4, '19C', 19, 3, 'economy', 'available');
INSERT INTO app_seat (id, airplane_id, number, row, column, type, status) VALUES (604, 4, '19D', 19, 4, 'economy', 'available');
INSERT INTO app_seat (id, airplane_id, number, row, column, type, status) VALUES (605, 4, '19E', 19, 5, 'economy', 'available');
INSERT INTO app_seat (id, airplane_id, number, row, column, type, status) VALUES (606, 4, '19F', 19, 6, 'economy', 'available');
INSERT INTO app_seat (id, airplane_id, number, row, column, type, status) VALUES (607, 4, '19G', 19, 7, 'economy', 'available');
INSERT INTO app_seat (id, airplane_id, number, row, column, type, status) VALUES (608, 4, '19H', 19, 8, 'economy', 'available');
INSERT INTO app_seat (id, airplane_id, number, row, column, type, status) VALUES (609, 4, '20A', 20, 1, 'economy', 'available');
INSERT INTO app_seat (id, airplane_id, number, row, column, type, status) VALUES (610, 4, '20B', 20, 2, 'economy', 'available');
INSERT INTO app_seat (id, airplane_id, number, row, column, type, status) VALUES (611, 4, '20C', 20, 3, 'economy', 'available');
INSERT INTO app_seat (id, airplane_id, number, row, column, type, status) VALUES (612, 4, '20D', 20, 4, 'economy', 'available');
INSERT INTO app_seat (id, airplane_id, number, row, column, type, status) VALUES (613, 4, '20E', 20, 5, 'economy', 'available');
INSERT INTO app_seat (id, airplane_id, number, row, column, type, status) VALUES (614, 4, '20F', 20, 6, 'economy', 'available');
INSERT INTO app_seat (id, airplane_id, number, row, column, type, status) VALUES (615, 4, '20G', 20, 7, 'economy', 'available');
INSERT INTO app_seat (id, airplane_id, number, row, column, type, status) VALUES (616, 4, '20H', 20, 8, 'economy', 'available');
INSERT INTO app_seat (id, airplane_id, number, row, column, type, status) VALUES (617, 4, '21A', 21, 1, 'economy', 'available');
INSERT INTO app_seat (id, airplane_id, number, row, column, type, status) VALUES (618, 4, '21B', 21, 2, 'economy', 'available');
INSERT INTO app_seat (id, airplane_id, number, row, column, type, status) VALUES (619, 4, '21C', 21, 3, 'economy', 'available');
INSERT INTO app_seat (id, airplane_id, number, row, column, type, status) VALUES (620, 4, '21D', 21, 4, 'economy', 'available');
INSERT INTO app_seat (id, airplane_id, number, row, column, type, status) VALUES (621, 4, '21E', 21, 5, 'economy', 'available');
INSERT INTO app_seat (id, airplane_id, number, row, column, type, status) VALUES (622, 4, '21F', 21, 6, 'economy', 'available');
INSERT INTO app_seat (id, airplane_id, number, row, column, type, status) VALUES (623, 4, '21G', 21, 7, 'economy', 'available');
INSERT INTO app_seat (id, airplane_id, number, row, column, type, status) VALUES (624, 4, '21H', 21, 8, 'economy', 'available');
INSERT INTO app_seat (id, airplane_id, number, row, column, type, status) VALUES (625, 4, '22A', 22, 1, 'economy', 'available');
INSERT INTO app_seat (id, airplane_id, number, row, column, type, status) VALUES (626, 4, '22B', 22, 2, 'economy', 'available');
INSERT INTO app_seat (id, airplane_id, number, row, column, type, status) VALUES (627, 4, '22C', 22, 3, 'economy', 'available');
INSERT INTO app_seat (id, airplane_id, number, row, column, type, status) VALUES (628, 4, '22D', 22, 4, 'economy', 'available');
INSERT INTO app_seat (id, airplane_id, number, row, column, type, status) VALUES (629, 4, '22E', 22, 5, 'economy', 'available');
INSERT INTO app_seat (id, airplane_id, number, row, column, type, status) VALUES (630, 4, '22F', 22, 6, 'economy', 'available');
INSERT INTO app_seat (id, airplane_id, number, row, column, type, status) VALUES (631, 4, '22G', 22, 7, 'economy', 'available');
INSERT INTO app_seat (id, airplane_id, number, row, column, type, status) VALUES (632, 4, '22H', 22, 8, 'economy', 'available');
INSERT INTO app_seat (id, airplane_id, number, row, column, type, status) VALUES (633, 4, '23A', 23, 1, 'economy', 'available');
INSERT INTO app_seat (id, airplane_id, number, row, column, type, status) VALUES (634, 4, '23B', 23, 2, 'economy', 'available');
INSERT INTO app_seat (id, airplane_id, number, row, column, type, status) VALUES (635, 4, '23C', 23, 3, 'economy', 'available');
INSERT INTO app_seat (id, airplane_id, number, row, column, type, status) VALUES (636, 4, '23D', 23, 4, 'economy', 'available');
INSERT INTO app_seat (id, airplane_id, number, row, column, type, status) VALUES (637, 4, '23E', 23, 5, 'economy', 'available');
INSERT INTO app_seat (id, airplane_id, number, row, column, type, status) VALUES (638, 4, '23F', 23, 6, 'economy', 'available');
INSERT INTO app_seat (id, airplane_id, number, row, column, type, status) VALUES (639, 4, '23G', 23, 7, 'economy', 'available');
INSERT INTO app_seat (id, airplane_id, number, row, column, type, status) VALUES (640, 4, '23H', 23, 8, 'economy', 'available');
INSERT INTO app_seat (id, airplane_id, number, row, column, type, status) VALUES (641, 4, '24A', 24, 1, 'economy', 'available');
INSERT INTO app_seat (id, airplane_id, number, row, column, type, status) VALUES (642, 4, '24B', 24, 2, 'economy', 'available');
INSERT INTO app_seat (id, airplane_id, number, row, column, type, status) VALUES (643, 4, '24C', 24, 3, 'economy', 'available');
INSERT INTO app_seat (id, airplane_id, number, row, column, type, status) VALUES (644, 4, '24D', 24, 4, 'economy', 'available');
INSERT INTO app_seat (id, airplane_id, number, row, column, type, status) VALUES (645, 4, '24E', 24, 5, 'economy', 'available');
INSERT INTO app_seat (id, airplane_id, number, row, column, type, status) VALUES (646, 4, '24F', 24, 6, 'economy', 'available');
INSERT INTO app_seat (id, airplane_id, number, row, column, type, status) VALUES (647, 4, '24G', 24, 7, 'economy', 'available');
INSERT INTO app_seat (id, airplane_id, number, row, column, type, status) VALUES (648, 4, '24H', 24, 8, 'economy', 'available');
INSERT INTO app_seat (id, airplane_id, number, row, column, type, status) VALUES (649, 4, '25A', 25, 1, 'economy', 'available');
INSERT INTO app_seat (id, airplane_id, number, row, column, type, status) VALUES (650, 4, '25B', 25, 2, 'economy', 'available');
INSERT INTO app_seat (id, airplane_id, number, row, column, type, status) VALUES (651, 4, '25C', 25, 3, 'economy', 'available');
INSERT INTO app_seat (id, airplane_id, number, row, column, type, status) VALUES (652, 4, '25D', 25, 4, 'economy', 'available');
INSERT INTO app_seat (id, airplane_id, number, row, column, type, status) VALUES (653, 4, '25E', 25, 5, 'economy', 'available');
INSERT INTO app_seat (id, airplane_id, number, row, column, type, status) VALUES (654, 4, '25F', 25, 6, 'economy', 'available');
INSERT INTO app_seat (id, airplane_id, number, row, column, type, status) VALUES (655, 4, '25G', 25, 7, 'economy', 'available');
INSERT INTO app_seat (id, airplane_id, number, row, column, type, status) VALUES (656, 4, '25H', 25, 8, 'economy', 'available');
INSERT INTO app_seat (id, airplane_id, number, row, column, type, status) VALUES (657, 4, '26A', 26, 1, 'economy', 'available');
INSERT INTO app_seat (id, airplane_id, number, row, column, type, status) VALUES (658, 4, '26B', 26, 2, 'economy', 'available');
INSERT INTO app_seat (id, airplane_id, number, row, column, type, status) VALUES (659, 4, '26C', 26, 3, 'economy', 'available');
INSERT INTO app_seat (id, airplane_id, number, row, column, type, status) VALUES (660, 4, '26D', 26, 4, 'economy', 'available');
INSERT INTO app_seat (id, airplane_id, number, row, column, type, status) VALUES (661, 4, '26E', 26, 5, 'economy', 'available');
INSERT INTO app_seat (id, airplane_id, number, row, column, type, status) VALUES (662, 4, '26F', 26, 6, 'economy', 'available');
INSERT INTO app_seat (id, airplane_id, number, row, column, type, status) VALUES (663, 4, '26G', 26, 7, 'economy', 'available');
INSERT INTO app_seat (id, airplane_id, number, row, column, type, status) VALUES (664, 4, '26H', 26, 8, 'economy', 'available');
INSERT INTO app_seat (id, airplane_id, number, row, column, type, status) VALUES (665, 4, '27A', 27, 1, 'economy', 'available');
INSERT INTO app_seat (id, airplane_id, number, row, column, type, status) VALUES (666, 4, '27B', 27, 2, 'economy', 'available');
INSERT INTO app_seat (id, airplane_id, number, row, column, type, status) VALUES (667, 4, '27C', 27, 3, 'economy', 'available');
INSERT INTO app_seat (id, airplane_id, number, row, column, type, status) VALUES (668, 4, '27D', 27, 4, 'economy', 'available');
INSERT INTO app_seat (id, airplane_id, number, row, column, type, status) VALUES (669, 4, '27E', 27, 5, 'economy', 'available');
INSERT INTO app_seat (id, airplane_id, number, row, column, type, status) VALUES (670, 4, '27F', 27, 6, 'economy', 'available');
INSERT INTO app_seat (id, airplane_id, number, row, column, type, status) VALUES (671, 4, '27G', 27, 7, 'economy', 'available');
INSERT INTO app_seat (id, airplane_id, number, row, column, type, status) VALUES (672, 4, '27H', 27, 8, 'economy', 'available');
INSERT INTO app_seat (id, airplane_id, number, row, column, type, status) VALUES (673, 4, '28A', 28, 1, 'economy', 'available');
INSERT INTO app_seat (id, airplane_id, number, row, column, type, status) VALUES (674, 4, '28B', 28, 2, 'economy', 'available');
INSERT INTO app_seat (id, airplane_id, number, row, column, type, status) VALUES (675, 4, '28C', 28, 3, 'economy', 'available');
INSERT INTO app_seat (id, airplane_id, number, row, column, type, status) VALUES (676, 4, '28D', 28, 4, 'economy', 'available');
INSERT INTO app_seat (id, airplane_id, number, row, column, type, status) VALUES (677, 4, '28E', 28, 5, 'economy', 'available');
INSERT INTO app_seat (id, airplane_id, number, row, column, type, status) VALUES (678, 4, '28F', 28, 6, 'economy', 'available');
INSERT INTO app_seat (id, airplane_id, number, row, column, type, status) VALUES (679, 4, '28G', 28, 7, 'economy', 'available');
INSERT INTO app_seat (id, airplane_id, number, row, column, type, status) VALUES (680, 4, '28H', 28, 8, 'economy', 'available');
INSERT INTO app_seat (id, airplane_id, number, row, column, type, status) VALUES (681, 4, '29A', 29, 1, 'economy', 'available');
INSERT INTO app_seat (id, airplane_id, number, row, column, type, status) VALUES (682, 4, '29B', 29, 2, 'economy', 'available');
INSERT INTO app_seat (id, airplane_id, number, row, column, type, status) VALUES (683, 4, '29C', 29, 3, 'economy', 'available');
INSERT INTO app_seat (id, airplane_id, number, row, column, type, status) VALUES (684, 4, '29D', 29, 4, 'economy', 'available');
INSERT INTO app_seat (id, airplane_id, number, row, column, type, status) VALUES (685, 4, '29E', 29, 5, 'economy', 'available');
INSERT INTO app_seat (id, airplane_id, number, row, column, type, status) VALUES (686, 4, '29F', 29, 6, 'economy', 'available');
INSERT INTO app_seat (id, airplane_id, number, row, column, type, status) VALUES (687, 4, '29G', 29, 7, 'economy', 'available');
INSERT INTO app_seat (id, airplane_id, number, row, column, type, status) VALUES (688, 4, '29H', 29, 8, 'economy', 'available');
INSERT INTO app_seat (id, airplane_id, number, row, column, type, status) VALUES (689, 4, '30A', 30, 1, 'economy', 'available');
INSERT INTO app_seat (id, airplane_id, number, row, column, type, status) VALUES (690, 4, '30B', 30, 2, 'economy', 'available');
INSERT INTO app_seat (id, airplane_id, number, row, column, type, status) VALUES (691, 4, '30C', 30, 3, 'economy', 'available');
INSERT INTO app_seat (id, airplane_id, number, row, column, type, status) VALUES (692, 4, '30D', 30, 4, 'economy', 'available');
INSERT INTO app_seat (id, airplane_id, number, row, column, type, status) VALUES (693, 4, '30E', 30, 5, 'economy', 'available');
INSERT INTO app_seat (id, airplane_id, number, row, column, type, status) VALUES (694, 4, '30F', 30, 6, 'economy', 'available');
INSERT INTO app_seat (id, airplane_id, number, row, column, type, status) VALUES (695, 4, '30G', 30, 7, 'economy', 'available');
INSERT INTO app_seat (id, airplane_id, number, row, column, type, status) VALUES (696, 4, '30H', 30, 8, 'economy', 'available');
INSERT INTO app_seat (id, airplane_id, number, row, column, type, status) VALUES (697, 4, '31A', 31, 1, 'economy', 'available');
INSERT INTO app_seat (id, airplane_id, number, row, column, type, status) VALUES (698, 4, '31B', 31, 2, 'economy', 'available');
INSERT INTO app_seat (id, airplane_id, number, row, column, type, status) VALUES (699, 4, '31C', 31, 3, 'economy', 'available');
INSERT INTO app_seat (id, airplane_id, number, row, column, type, status) VALUES (700, 4, '31D', 31, 4, 'economy', 'available');
INSERT INTO app_seat (id, airplane_id, number, row, column, type, status) VALUES (701, 4, '31E', 31, 5, 'economy', 'available');
INSERT INTO app_seat (id, airplane_id, number, row, column, type, status) VALUES (702, 4, '31F', 31, 6, 'economy', 'available');
INSERT INTO app_seat (id, airplane_id, number, row, column, type, status) VALUES (703, 4, '31G', 31, 7, 'economy', 'available');
INSERT INTO app_seat (id, airplane_id, number, row, column, type, status) VALUES (704, 4, '31H', 31, 8, 'economy', 'available');

-- Flights
INSERT INTO app_flight (id, airplane_id, origin, destination, departure_time, arrival_time, duration, status, base_price) VALUES (1, 1, 'AEP', 'COR', '2025-08-01 07:10:00', '2025-08-01 08:35:00', 5100000000, 'scheduled', 45000.00);
INSERT INTO app_flight (id, airplane_id, origin, destination, departure_time, arrival_time, duration, status, base_price) VALUES (2, 2, 'COR', 'AEP', '2025-08-01 19:20:00', '2025-08-01 20:45:00', 5100000000, 'scheduled', 45000.00);
INSERT INTO app_flight (id, airplane_id, origin, destination, departure_time, arrival_time, duration, status, base_price) VALUES (3, 3, 'EZE', 'MDZ', '2025-08-01 09:00:00', '2025-08-01 10:40:00', 6000000000, 'scheduled', 60000.00);
INSERT INTO app_flight (id, airplane_id, origin, destination, departure_time, arrival_time, duration, status, base_price) VALUES (4, 4, 'MDZ', 'EZE', '2025-08-01 18:10:00', '2025-08-01 19:50:00', 6000000000, 'scheduled', 60000.00);
INSERT INTO app_flight (id, airplane_id, origin, destination, departure_time, arrival_time, duration, status, base_price) VALUES (5, 1, 'AEP', 'BRC', '2025-08-02 08:00:00', '2025-08-02 10:10:00', 7800000000, 'scheduled', 85000.00);
INSERT INTO app_flight (id, airplane_id, origin, destination, departure_time, arrival_time, duration, status, base_price) VALUES (6, 2, 'BRC', 'AEP', '2025-08-02 18:30:00', '2025-08-02 20:40:00', 7800000000, 'scheduled', 85000.00);
INSERT INTO app_flight (id, airplane_id, origin, destination, departure_time, arrival_time, duration, status, base_price) VALUES (7, 3, 'AEP', 'USH', '2025-08-03 07:00:00', '2025-08-03 10:30:00', 12600000000, 'scheduled', 120000.00);
INSERT INTO app_flight (id, airplane_id, origin, destination, departure_time, arrival_time, duration, status, base_price) VALUES (8, 4, 'USH', 'AEP', '2025-08-03 17:15:00', '2025-08-03 20:45:00', 12600000000, 'scheduled', 120000.00);
INSERT INTO app_flight (id, airplane_id, origin, destination, departure_time, arrival_time, duration, status, base_price) VALUES (9, 1, 'COR', 'IGR', '2025-08-04 09:15:00', '2025-08-04 11:05:00', 6600000000, 'scheduled', 70000.00);
INSERT INTO app_flight (id, airplane_id, origin, destination, departure_time, arrival_time, duration, status, base_price) VALUES (10, 2, 'IGR', 'COR', '2025-08-04 18:40:00', '2025-08-04 20:30:00', 6600000000, 'scheduled', 70000.00);
INSERT INTO app_flight (id, airplane_id, origin, destination, departure_time, arrival_time, duration, status, base_price) VALUES (11, 3, 'AEP', 'NQN', '2025-08-05 06:50:00', '2025-08-05 08:40:00', 6600000000, 'scheduled', 65000.00);
INSERT INTO app_flight (id, airplane_id, origin, destination, departure_time, arrival_time, duration, status, base_price) VALUES (12, 4, 'NQN', 'AEP', '2025-08-05 19:10:00', '2025-08-05 21:00:00', 6600000000, 'scheduled', 65000.00);

-- Passengers
INSERT INTO app_passenger (id, name, document, document_type, email, phone, birth_date) VALUES (1, 'Nicols Snchez', '16678443', 'DNI', 'nicolas.sanchez@correo.com', '+54 9 351 450-4657', '1976-04-05');
INSERT INTO app_passenger (id, name, document, document_type, email, phone, birth_date) VALUES (2, 'Ignacio Prez', '60412533', 'DNI', 'ignacio.perez@correo.com', '+54 9 351 758-2424', '1996-06-27');
INSERT INTO app_passenger (id, name, document, document_type, email, phone, birth_date) VALUES (3, 'Alma Martnez', '16999657', 'DNI', 'alma.martinez@correo.com', '+54 9 351 438-9279', '1997-01-02');
INSERT INTO app_passenger (id, name, document, document_type, email, phone, birth_date) VALUES (4, 'Mateo Peralta', '28343768', 'DNI', 'mateo.peralta@correo.com', '+54 9 351 918-9928', '1988-10-26');
INSERT INTO app_passenger (id, name, document, document_type, email, phone, birth_date) VALUES (5, 'Camila Ferreyra', '54544950', 'DNI', 'camila.ferreyra@correo.com', '+54 9 351 206-3615', '2001-04-26');
INSERT INTO app_passenger (id, name, document, document_type, email, phone, birth_date) VALUES (6, 'Alma Castro', '33647630', 'DNI', 'alma.castro@correo.com', '+54 9 351 981-6514', '1974-08-02');
INSERT INTO app_passenger (id, name, document, document_type, email, phone, birth_date) VALUES (7, 'Santiago Vega', '21490526', 'DNI', 'santiago.vega@correo.com', '+54 9 351 552-5333', '1971-12-13');
INSERT INTO app_passenger (id, name, document, document_type, email, phone, birth_date) VALUES (8, 'Delfina Molina', '50985658', 'DNI', 'delfina.molina@correo.com', '+54 9 351 587-2291', '1994-10-06');
INSERT INTO app_passenger (id, name, document, document_type, email, phone, birth_date) VALUES (9, 'Catalina Salas', '56508157', 'DNI', 'catalina.salas@correo.com', '+54 9 351 570-4150', '2001-08-09');
INSERT INTO app_passenger (id, name, document, document_type, email, phone, birth_date) VALUES (10, 'Martina Martnez', '59376630', 'DNI', 'martina.martinez@correo.com', '+54 9 351 496-2307', '1980-06-11');
INSERT INTO app_passenger (id, name, document, document_type, email, phone, birth_date) VALUES (11, 'Amparo Prez', '40509839', 'DNI', 'amparo.perez@correo.com', '+54 9 351 850-6977', '1977-04-18');
INSERT INTO app_passenger (id, name, document, document_type, email, phone, birth_date) VALUES (12, 'Zoe Navarro', '29059778', 'DNI', 'zoe.navarro@correo.com', '+54 9 351 918-2169', '1997-04-29');
INSERT INTO app_passenger (id, name, document, document_type, email, phone, birth_date) VALUES (13, 'Nicols Torres', '50845520', 'DNI', 'nicolas.torres@correo.com', '+54 9 351 367-8573', '1987-01-08');
INSERT INTO app_passenger (id, name, document, document_type, email, phone, birth_date) VALUES (14, 'Toms Salas', '61181767', 'DNI', 'tomas.salas@correo.com', '+54 9 351 901-6313', '2004-06-19');
INSERT INTO app_passenger (id, name, document, document_type, email, phone, birth_date) VALUES (15, 'Renzo Rodrguez', '30371155', 'DNI', 'renzo.rodriguez@correo.com', '+54 9 351 523-7572', '1982-01-04');
INSERT INTO app_passenger (id, name, document, document_type, email, phone, birth_date) VALUES (16, 'Martina Ramrez', '53062808', 'DNI', 'martina.ramirez@correo.com', '+54 9 351 522-4483', '1999-05-27');
INSERT INTO app_passenger (id, name, document, document_type, email, phone, birth_date) VALUES (17, 'Malena Cabrera', '58141058', 'DNI', 'malena.cabrera@correo.com', '+54 9 351 471-3287', '1981-01-23');
INSERT INTO app_passenger (id, name, document, document_type, email, phone, birth_date) VALUES (18, 'Ignacio Peralta', '51170153', 'DNI', 'ignacio.peralta@correo.com', '+54 9 351 798-8019', '1996-03-05');
INSERT INTO app_passenger (id, name, document, document_type, email, phone, birth_date) VALUES (19, 'Renata Ros', '29718366', 'PASSPORT', 'renata.rios@correo.com', '+54 9 351 341-9348', '1992-02-20');
INSERT INTO app_passenger (id, name, document, document_type, email, phone, birth_date) VALUES (20, 'Santiago Montoya', '18161926', 'DNI', 'santiago.montoya@correo.com', '+54 9 351 356-3621', '2005-07-13');
INSERT INTO app_passenger (id, name, document, document_type, email, phone, birth_date) VALUES (21, 'Lola Correa', '55024332', 'DNI', 'lola.correa@correo.com', '+54 9 351 590-8668', '1993-09-26');
INSERT INTO app_passenger (id, name, document, document_type, email, phone, birth_date) VALUES (22, 'Ma Peralta', '15770478', 'DNI', 'mia.peralta@correo.com', '+54 9 351 317-9797', '2003-09-07');
INSERT INTO app_passenger (id, name, document, document_type, email, phone, birth_date) VALUES (23, 'Toms Palacios', '58014218', 'DNI', 'tomas.palacios@correo.com', '+54 9 351 500-8123', '1977-02-04');
INSERT INTO app_passenger (id, name, document, document_type, email, phone, birth_date) VALUES (24, 'Emma Gmez', '63458777', 'DNI', 'emma.gomez@correo.com', '+54 9 351 469-9201', '2004-03-06');
INSERT INTO app_passenger (id, name, document, document_type, email, phone, birth_date) VALUES (25, 'Lautaro Sosa', '22141109', 'DNI', 'lautaro.sosa@correo.com', '+54 9 351 505-9317', '1997-04-26');
INSERT INTO app_passenger (id, name, document, document_type, email, phone, birth_date) VALUES (26, 'Morena Daz', '40092933', 'DNI', 'morena.diaz@correo.com', '+54 9 351 752-9689', '1970-01-10');
INSERT INTO app_passenger (id, name, document, document_type, email, phone, birth_date) VALUES (27, 'Pedro Arias', '47789774', 'DNI', 'pedro.arias@correo.com', '+54 9 351 571-6038', '1980-09-28');
INSERT INTO app_passenger (id, name, document, document_type, email, phone, birth_date) VALUES (28, 'Valentina Acosta', '53074679', 'PASSPORT', 'valentina.acosta@correo.com', '+54 9 351 287-8962', '1973-02-07');
INSERT INTO app_passenger (id, name, document, document_type, email, phone, birth_date) VALUES (29, 'Pilar Ramos', '23439645', 'DNI', 'pilar.ramos@correo.com', '+54 9 351 686-3705', '1981-11-21');
INSERT INTO app_passenger (id, name, document, document_type, email, phone, birth_date) VALUES (30, 'Juana Vzquez', '43396306', 'PASSPORT', 'juana.vazquez@correo.com', '+54 9 351 752-4295', '2001-12-24');
INSERT INTO app_passenger (id, name, document, document_type, email, phone, birth_date) VALUES (31, 'Bruno Cabrera', '60076148', 'DNI', 'bruno.cabrera@correo.com', '+54 9 351 648-9479', '1990-04-03');
INSERT INTO app_passenger (id, name, document, document_type, email, phone, birth_date) VALUES (32, 'Thiago Acosta', '30079183', 'DNI', 'thiago.acosta@correo.com', '+54 9 351 221-4770', '1996-05-25');
INSERT INTO app_passenger (id, name, document, document_type, email, phone, birth_date) VALUES (33, 'Camila Gmez', '19764265', 'DNI', 'camila.gomez@correo.com', '+54 9 351 260-4750', '1973-01-09');
INSERT INTO app_passenger (id, name, document, document_type, email, phone, birth_date) VALUES (34, 'Trinidad Martnez', '37174680', 'DNI', 'trinidad.martinez@correo.com', '+54 9 351 443-5562', '2000-01-04');
INSERT INTO app_passenger (id, name, document, document_type, email, phone, birth_date) VALUES (35, 'Malena Ramrez', '51187376', 'DNI', 'malena.ramirez@correo.com', '+54 9 351 784-8744', '1980-11-25');
INSERT INTO app_passenger (id, name, document, document_type, email, phone, birth_date) VALUES (36, 'Valentino Surez', '42317331', 'DNI', 'valentino.suarez@correo.com', '+54 9 351 299-8062', '1985-11-22');
INSERT INTO app_passenger (id, name, document, document_type, email, phone, birth_date) VALUES (37, 'Alma Figueroa', '46341494', 'DNI', 'alma.figueroa@correo.com', '+54 9 351 255-2612', '1972-09-20');
INSERT INTO app_passenger (id, name, document, document_type, email, phone, birth_date) VALUES (38, 'Renata Jurez', '37770212', 'DNI', 'renata.juarez@correo.com', '+54 9 351 311-5073', '1978-08-06');
INSERT INTO app_passenger (id, name, document, document_type, email, phone, birth_date) VALUES (39, 'Morena Ramos', '45105945', 'DNI', 'morena.ramos@correo.com', '+54 9 351 387-5563', '1990-10-02');
INSERT INTO app_passenger (id, name, document, document_type, email, phone, birth_date) VALUES (40, 'Franco Lpez', '44738000', 'DNI', 'franco.lopez@correo.com', '+54 9 351 763-2604', '1972-04-08');
INSERT INTO app_passenger (id, name, document, document_type, email, phone, birth_date) VALUES (41, 'Vera Ramos', '15990382', 'PASSPORT', 'vera.ramos@correo.com', '+54 9 351 971-4872', '1977-06-17');
INSERT INTO app_passenger (id, name, document, document_type, email, phone, birth_date) VALUES (42, 'Simn Ponce', '47303416', 'DNI', 'simon.ponce@correo.com', '+54 9 351 610-1960', '1977-05-21');
INSERT INTO app_passenger (id, name, document, document_type, email, phone, birth_date) VALUES (43, 'Luca Gmez', '41200760', 'DNI', 'lucia.gomez@correo.com', '+54 9 351 665-5673', '1988-12-22');
INSERT INTO app_passenger (id, name, document, document_type, email, phone, birth_date) VALUES (44, 'Ian Jurez', '52296980', 'DNI', 'ian.juarez@correo.com', '+54 9 351 698-3536', '1978-07-09');
INSERT INTO app_passenger (id, name, document, document_type, email, phone, birth_date) VALUES (45, 'Catalina Ramrez', '18924747', 'DNI', 'catalina.ramirez@correo.com', '+54 9 351 755-1998', '2003-07-21');
INSERT INTO app_passenger (id, name, document, document_type, email, phone, birth_date) VALUES (46, 'Julin Rodrguez', '18364995', 'DNI', 'julian.rodriguez@correo.com', '+54 9 351 714-9701', '1977-01-23');
INSERT INTO app_passenger (id, name, document, document_type, email, phone, birth_date) VALUES (47, 'Valentina Sosa', '20376189', 'DNI', 'valentina.sosa@correo.com', '+54 9 351 270-2113', '2000-04-15');
INSERT INTO app_passenger (id, name, document, document_type, email, phone, birth_date) VALUES (48, 'Amparo Acosta', '42096918', 'DNI', 'amparo.acosta@correo.com', '+54 9 351 783-5033', '1995-12-21');
INSERT INTO app_passenger (id, name, document, document_type, email, phone, birth_date) VALUES (49, 'Pedro Martnez', '56565989', 'DNI', 'pedro.martinez@correo.com', '+54 9 351 873-9565', '1984-03-11');
INSERT INTO app_passenger (id, name, document, document_type, email, phone, birth_date) VALUES (50, 'Luna Bentez', '28707602', 'DNI', 'luna.benitez@correo.com', '+54 9 351 521-4910', '1981-11-30');
INSERT INTO app_passenger (id, name, document, document_type, email, phone, birth_date) VALUES (51, 'Renata Romero', '60076367', 'DNI', 'renata.romero@correo.com', '+54 9 351 668-6180', '2003-09-23');
INSERT INTO app_passenger (id, name, document, document_type, email, phone, birth_date) VALUES (52, 'Luna Lpez', '15625149', 'DNI', 'luna.lopez@correo.com', '+54 9 351 776-2638', '1973-04-15');
INSERT INTO app_passenger (id, name, document, document_type, email, phone, birth_date) VALUES (53, 'Felipe Ramrez', '48949347', 'DNI', 'felipe.ramirez@correo.com', '+54 9 351 557-2127', '1980-12-16');
INSERT INTO app_passenger (id, name, document, document_type, email, phone, birth_date) VALUES (54, 'Zoe Herrera', '25586210', 'DNI', 'zoe.herrera@correo.com', '+54 9 351 756-5956', '1997-06-09');
INSERT INTO app_passenger (id, name, document, document_type, email, phone, birth_date) VALUES (55, 'Clara Moreira', '50496609', 'DNI', 'clara.moreira@correo.com', '+54 9 351 767-5905', '1999-10-04');
INSERT INTO app_passenger (id, name, document, document_type, email, phone, birth_date) VALUES (56, 'Agustina Romero', '32748007', 'DNI', 'agustina.romero@correo.com', '+54 9 351 309-3546', '1982-03-21');
INSERT INTO app_passenger (id, name, document, document_type, email, phone, birth_date) VALUES (57, 'Catalina Vzquez', '29135116', 'DNI', 'catalina.vazquez@correo.com', '+54 9 351 408-5325', '1992-09-02');
INSERT INTO app_passenger (id, name, document, document_type, email, phone, birth_date) VALUES (58, 'Malena Bentez', '18409056', 'DNI', 'malena.benitez@correo.com', '+54 9 351 633-5533', '1971-12-24');
INSERT INTO app_passenger (id, name, document, document_type, email, phone, birth_date) VALUES (59, 'Lucas Castro', '23779158', 'DNI', 'lucas.castro@correo.com', '+54 9 351 468-3647', '2003-04-02');
INSERT INTO app_passenger (id, name, document, document_type, email, phone, birth_date) VALUES (60, 'Gael Peralta', '62356540', 'DNI', 'gael.peralta@correo.com', '+54 9 351 209-2832', '1973-05-17');
INSERT INTO app_passenger (id, name, document, document_type, email, phone, birth_date) VALUES (61, 'Santino Leiva', '25002863', 'DNI', 'santino.leiva@correo.com', '+54 9 351 578-3426', '1989-04-12');
INSERT INTO app_passenger (id, name, document, document_type, email, phone, birth_date) VALUES (62, 'Benjamn Martnez', '35686867', 'DNI', 'benjamin.martinez@correo.com', '+54 9 351 240-6862', '1979-06-04');
INSERT INTO app_passenger (id, name, document, document_type, email, phone, birth_date) VALUES (63, 'Lola Acosta', '59757143', 'DNI', 'lola.acosta@correo.com', '+54 9 351 998-7658', '1997-11-03');
INSERT INTO app_passenger (id, name, document, document_type, email, phone, birth_date) VALUES (64, 'Ignacio Daz', '30887173', 'DNI', 'ignacio.diaz@correo.com', '+54 9 351 381-7755', '1971-02-11');
INSERT INTO app_passenger (id, name, document, document_type, email, phone, birth_date) VALUES (65, 'Lautaro Cardozo', '37292589', 'DNI', 'lautaro.cardozo@correo.com', '+54 9 351 621-5065', '1981-12-20');
INSERT INTO app_passenger (id, name, document, document_type, email, phone, birth_date) VALUES (66, 'Juan Leiva', '22254174', 'DNI', 'juan.leiva@correo.com', '+54 9 351 239-8711', '1979-12-24');
INSERT INTO app_passenger (id, name, document, document_type, email, phone, birth_date) VALUES (67, 'Morena Molina', '38465179', 'DNI', 'morena.molina@correo.com', '+54 9 351 433-4652', '1971-01-23');
INSERT INTO app_passenger (id, name, document, document_type, email, phone, birth_date) VALUES (68, 'Facundo Ruiz', '41740599', 'DNI', 'facundo.ruiz@correo.com', '+54 9 351 271-5573', '1985-10-02');
INSERT INTO app_passenger (id, name, document, document_type, email, phone, birth_date) VALUES (69, 'Vera Sosa', '41821962', 'DNI', 'vera.sosa@correo.com', '+54 9 351 749-6425', '1971-03-29');
INSERT INTO app_passenger (id, name, document, document_type, email, phone, birth_date) VALUES (70, 'Thiago Bentez', '26983483', 'DNI', 'thiago.benitez@correo.com', '+54 9 351 471-1626', '1974-11-12');
INSERT INTO app_passenger (id, name, document, document_type, email, phone, birth_date) VALUES (71, 'Pedro Correa', '38198669', 'DNI', 'pedro.correa@correo.com', '+54 9 351 521-8149', '1997-03-12');
INSERT INTO app_passenger (id, name, document, document_type, email, phone, birth_date) VALUES (72, 'Iaki Snchez', '40850027', 'DNI', 'inaki.sanchez@correo.com', '+54 9 351 394-5173', '1971-12-29');
INSERT INTO app_passenger (id, name, document, document_type, email, phone, birth_date) VALUES (73, 'Uma Correa', '15113499', 'DNI', 'uma.correa@correo.com', '+54 9 351 751-4228', '1986-05-04');
INSERT INTO app_passenger (id, name, document, document_type, email, phone, birth_date) VALUES (74, 'Alma Lpez', '59576236', 'PASSPORT', 'alma.lopez@correo.com', '+54 9 351 838-6143', '1999-10-04');
INSERT INTO app_passenger (id, name, document, document_type, email, phone, birth_date) VALUES (75, 'Tadeo Snchez', '63301890', 'PASSPORT', 'tadeo.sanchez@correo.com', '+54 9 351 719-6067', '1999-12-01');
INSERT INTO app_passenger (id, name, document, document_type, email, phone, birth_date) VALUES (76, 'Simn Arias', '42004632', 'DNI', 'simon.arias@correo.com', '+54 9 351 767-3085', '1978-08-10');
INSERT INTO app_passenger (id, name, document, document_type, email, phone, birth_date) VALUES (77, 'Simn Barrios', '40444008', 'DNI', 'simon.barrios@correo.com', '+54 9 351 378-5930', '1988-03-20');
INSERT INTO app_passenger (id, name, document, document_type, email, phone, birth_date) VALUES (78, 'Olivia Gmez', '35392702', 'DNI', 'olivia.gomez@correo.com', '+54 9 351 640-6279', '1990-11-10');
INSERT INTO app_passenger (id, name, document, document_type, email, phone, birth_date) VALUES (79, 'Gael Ferreyra', '60340576', 'DNI', 'gael.ferreyra@correo.com', '+54 9 351 684-3780', '1999-07-22');
INSERT INTO app_passenger (id, name, document, document_type, email, phone, birth_date) VALUES (80, 'Santiago Herrera', '49591398', 'DNI', 'santiago.herrera@correo.com', '+54 9 351 834-6491', '1974-03-11');

-- Reservations & Tickets
INSERT INTO app_reservation (id, flight_id, passenger_id, seat_id, status, reservation_date, price, reservation_code) VALUES (1, 1, 51, 43, 'confirmed', '2025-07-22 20:36:00', 45000.00, 'RSV010001');
INSERT INTO app_ticket (id, reservation_id, barcode, issue_date, status) VALUES (1, 1, 'AR000001163', '2025-07-23 23:36:00', 'issued');
INSERT INTO app_reservation (id, flight_id, passenger_id, seat_id, status, reservation_date, price, reservation_code) VALUES (2, 1, 55, 44, 'pending', '2025-07-22 18:13:00', 45000.00, 'RSV010002');
INSERT INTO app_reservation (id, flight_id, passenger_id, seat_id, status, reservation_date, price, reservation_code) VALUES (3, 1, 60, 45, 'pending', '2025-07-18 06:16:00', 45000.00, 'RSV010003');
INSERT INTO app_reservation (id, flight_id, passenger_id, seat_id, status, reservation_date, price, reservation_code) VALUES (4, 1, 76, 46, 'confirmed', '2025-07-19 18:40:00', 45000.00, 'RSV010004');
INSERT INTO app_ticket (id, reservation_id, barcode, issue_date, status) VALUES (2, 4, 'AR000004460', '2025-07-21 09:40:00', 'issued');
INSERT INTO app_reservation (id, flight_id, passenger_id, seat_id, status, reservation_date, price, reservation_code) VALUES (5, 1, 39, 47, 'pending', '2025-07-16 18:16:00', 45000.00, 'RSV010005');
INSERT INTO app_reservation (id, flight_id, passenger_id, seat_id, status, reservation_date, price, reservation_code) VALUES (6, 1, 13, 48, 'pending', '2025-07-22 13:23:00', 45000.00, 'RSV010006');
INSERT INTO app_reservation (id, flight_id, passenger_id, seat_id, status, reservation_date, price, reservation_code) VALUES (7, 1, 23, 49, 'confirmed', '2025-07-16 23:39:00', 45000.00, 'RSV010007');
INSERT INTO app_ticket (id, reservation_id, barcode, issue_date, status) VALUES (3, 7, 'AR000007546', '2025-07-19 14:39:00', 'issued');
INSERT INTO app_reservation (id, flight_id, passenger_id, seat_id, status, reservation_date, price, reservation_code) VALUES (8, 1, 47, 50, 'confirmed', '2025-07-28 18:49:00', 45000.00, 'RSV010008');
INSERT INTO app_ticket (id, reservation_id, barcode, issue_date, status) VALUES (4, 8, 'AR000008917', '2025-07-30 22:49:00', 'issued');
INSERT INTO app_reservation (id, flight_id, passenger_id, seat_id, status, reservation_date, price, reservation_code) VALUES (9, 1, 24, 51, 'confirmed', '2025-07-18 01:17:00', 45000.00, 'RSV010009');
INSERT INTO app_ticket (id, reservation_id, barcode, issue_date, status) VALUES (5, 9, 'AR000009230', '2025-07-20 22:17:00', 'issued');
INSERT INTO app_reservation (id, flight_id, passenger_id, seat_id, status, reservation_date, price, reservation_code) VALUES (10, 1, 18, 52, 'confirmed', '2025-07-28 18:33:00', 45000.00, 'RSV010010');
INSERT INTO app_ticket (id, reservation_id, barcode, issue_date, status) VALUES (6, 10, 'AR000010127', '2025-07-29 05:33:00', 'issued');
INSERT INTO app_reservation (id, flight_id, passenger_id, seat_id, status, reservation_date, price, reservation_code) VALUES (11, 1, 2, 53, 'pending', '2025-07-18 18:02:00', 45000.00, 'RSV010011');
INSERT INTO app_reservation (id, flight_id, passenger_id, seat_id, status, reservation_date, price, reservation_code) VALUES (12, 1, 20, 54, 'confirmed', '2025-07-27 05:54:00', 45000.00, 'RSV010012');
INSERT INTO app_ticket (id, reservation_id, barcode, issue_date, status) VALUES (7, 12, 'AR000012316', '2025-07-29 16:54:00', 'issued');
INSERT INTO app_reservation (id, flight_id, passenger_id, seat_id, status, reservation_date, price, reservation_code) VALUES (13, 1, 14, 55, 'pending', '2025-07-23 20:22:00', 45000.00, 'RSV010013');
INSERT INTO app_reservation (id, flight_id, passenger_id, seat_id, status, reservation_date, price, reservation_code) VALUES (14, 1, 74, 56, 'pending', '2025-07-24 17:54:00', 45000.00, 'RSV010014');
INSERT INTO app_reservation (id, flight_id, passenger_id, seat_id, status, reservation_date, price, reservation_code) VALUES (15, 1, 5, 57, 'confirmed', '2025-07-22 06:23:00', 45000.00, 'RSV010015');
INSERT INTO app_ticket (id, reservation_id, barcode, issue_date, status) VALUES (8, 15, 'AR000015458', '2025-07-23 11:23:00', 'issued');
INSERT INTO app_reservation (id, flight_id, passenger_id, seat_id, status, reservation_date, price, reservation_code) VALUES (16, 1, 22, 58, 'canceled', '2025-07-19 04:21:00', 45000.00, 'RSV010016');
INSERT INTO app_reservation (id, flight_id, passenger_id, seat_id, status, reservation_date, price, reservation_code) VALUES (17, 1, 63, 59, 'confirmed', '2025-07-29 06:55:00', 45000.00, 'RSV010017');
INSERT INTO app_ticket (id, reservation_id, barcode, issue_date, status) VALUES (9, 17, 'AR000017120', '2025-07-30 02:55:00', 'issued');
INSERT INTO app_reservation (id, flight_id, passenger_id, seat_id, status, reservation_date, price, reservation_code) VALUES (18, 1, 3, 60, 'confirmed', '2025-07-26 02:40:00', 45000.00, 'RSV010018');
INSERT INTO app_ticket (id, reservation_id, barcode, issue_date, status) VALUES (10, 18, 'AR000018677', '2025-07-27 06:40:00', 'issued');
INSERT INTO app_reservation (id, flight_id, passenger_id, seat_id, status, reservation_date, price, reservation_code) VALUES (19, 1, 66, 61, 'confirmed', '2025-07-21 22:21:00', 45000.00, 'RSV010019');
INSERT INTO app_ticket (id, reservation_id, barcode, issue_date, status) VALUES (11, 19, 'AR000019720', '2025-07-22 13:21:00', 'issued');
INSERT INTO app_reservation (id, flight_id, passenger_id, seat_id, status, reservation_date, price, reservation_code) VALUES (20, 1, 79, 62, 'confirmed', '2025-07-17 01:51:00', 45000.00, 'RSV010020');
INSERT INTO app_ticket (id, reservation_id, barcode, issue_date, status) VALUES (12, 20, 'AR000020126', '2025-07-18 17:51:00', 'issued');
INSERT INTO app_reservation (id, flight_id, passenger_id, seat_id, status, reservation_date, price, reservation_code) VALUES (21, 1, 35, 63, 'canceled', '2025-07-19 18:45:00', 45000.00, 'RSV010021');
INSERT INTO app_reservation (id, flight_id, passenger_id, seat_id, status, reservation_date, price, reservation_code) VALUES (22, 1, 77, 64, 'confirmed', '2025-07-26 04:33:00', 45000.00, 'RSV010022');
INSERT INTO app_ticket (id, reservation_id, barcode, issue_date, status) VALUES (13, 22, 'AR000022742', '2025-07-27 12:33:00', 'issued');
INSERT INTO app_reservation (id, flight_id, passenger_id, seat_id, status, reservation_date, price, reservation_code) VALUES (23, 1, 69, 65, 'confirmed', '2025-07-27 21:16:00', 45000.00, 'RSV010023');
INSERT INTO app_ticket (id, reservation_id, barcode, issue_date, status) VALUES (14, 23, 'AR000023924', '2025-07-28 13:16:00', 'issued');
INSERT INTO app_reservation (id, flight_id, passenger_id, seat_id, status, reservation_date, price, reservation_code) VALUES (24, 1, 17, 66, 'confirmed', '2025-07-16 12:20:00', 45000.00, 'RSV010024');
INSERT INTO app_ticket (id, reservation_id, barcode, issue_date, status) VALUES (15, 24, 'AR000024645', '2025-07-18 19:20:00', 'issued');
INSERT INTO app_reservation (id, flight_id, passenger_id, seat_id, status, reservation_date, price, reservation_code) VALUES (25, 1, 41, 67, 'confirmed', '2025-07-18 20:06:00', 45000.00, 'RSV010025');
INSERT INTO app_ticket (id, reservation_id, barcode, issue_date, status) VALUES (16, 25, 'AR000025449', '2025-07-18 22:06:00', 'issued');
INSERT INTO app_reservation (id, flight_id, passenger_id, seat_id, status, reservation_date, price, reservation_code) VALUES (26, 1, 38, 68, 'confirmed', '2025-07-22 16:04:00', 45000.00, 'RSV010026');
INSERT INTO app_ticket (id, reservation_id, barcode, issue_date, status) VALUES (17, 26, 'AR000026470', '2025-07-25 03:04:00', 'issued');
INSERT INTO app_reservation (id, flight_id, passenger_id, seat_id, status, reservation_date, price, reservation_code) VALUES (27, 1, 27, 69, 'confirmed', '2025-07-18 02:43:00', 45000.00, 'RSV010027');
INSERT INTO app_ticket (id, reservation_id, barcode, issue_date, status) VALUES (18, 27, 'AR000027634', '2025-07-19 13:43:00', 'issued');
INSERT INTO app_reservation (id, flight_id, passenger_id, seat_id, status, reservation_date, price, reservation_code) VALUES (28, 1, 44, 70, 'confirmed', '2025-07-19 13:21:00', 45000.00, 'RSV010028');
INSERT INTO app_ticket (id, reservation_id, barcode, issue_date, status) VALUES (19, 28, 'AR000028546', '2025-07-21 00:21:00', 'issued');
INSERT INTO app_reservation (id, flight_id, passenger_id, seat_id, status, reservation_date, price, reservation_code) VALUES (29, 1, 68, 71, 'canceled', '2025-07-23 23:17:00', 45000.00, 'RSV010029');
INSERT INTO app_reservation (id, flight_id, passenger_id, seat_id, status, reservation_date, price, reservation_code) VALUES (30, 1, 62, 72, 'pending', '2025-07-24 16:55:00', 45000.00, 'RSV010030');
INSERT INTO app_reservation (id, flight_id, passenger_id, seat_id, status, reservation_date, price, reservation_code) VALUES (31, 4, 53, 513, 'confirmed', '2025-07-29 00:52:00', 60000.00, 'RSV040001');
INSERT INTO app_ticket (id, reservation_id, barcode, issue_date, status) VALUES (20, 31, 'AR000031229', '2025-07-31 15:52:00', 'issued');
INSERT INTO app_reservation (id, flight_id, passenger_id, seat_id, status, reservation_date, price, reservation_code) VALUES (32, 4, 43, 514, 'confirmed', '2025-07-28 17:34:00', 60000.00, 'RSV040002');
INSERT INTO app_ticket (id, reservation_id, barcode, issue_date, status) VALUES (21, 32, 'AR000032590', '2025-07-31 02:34:00', 'issued');
INSERT INTO app_reservation (id, flight_id, passenger_id, seat_id, status, reservation_date, price, reservation_code) VALUES (33, 4, 75, 515, 'confirmed', '2025-07-24 13:07:00', 60000.00, 'RSV040003');
INSERT INTO app_ticket (id, reservation_id, barcode, issue_date, status) VALUES (22, 33, 'AR000033982', '2025-07-27 03:07:00', 'issued');
INSERT INTO app_reservation (id, flight_id, passenger_id, seat_id, status, reservation_date, price, reservation_code) VALUES (34, 4, 52, 516, 'confirmed', '2025-07-28 15:45:00', 60000.00, 'RSV040004');
INSERT INTO app_ticket (id, reservation_id, barcode, issue_date, status) VALUES (23, 34, 'AR000034690', '2025-07-28 22:45:00', 'issued');
INSERT INTO app_reservation (id, flight_id, passenger_id, seat_id, status, reservation_date, price, reservation_code) VALUES (35, 4, 50, 517, 'confirmed', '2025-07-27 13:19:00', 60000.00, 'RSV040005');
INSERT INTO app_ticket (id, reservation_id, barcode, issue_date, status) VALUES (24, 35, 'AR000035411', '2025-07-28 00:19:00', 'issued');
INSERT INTO app_reservation (id, flight_id, passenger_id, seat_id, status, reservation_date, price, reservation_code) VALUES (36, 4, 61, 518, 'pending', '2025-07-26 14:35:00', 60000.00, 'RSV040006');
INSERT INTO app_reservation (id, flight_id, passenger_id, seat_id, status, reservation_date, price, reservation_code) VALUES (37, 4, 1, 519, 'confirmed', '2025-07-20 10:21:00', 60000.00, 'RSV040007');
INSERT INTO app_ticket (id, reservation_id, barcode, issue_date, status) VALUES (25, 37, 'AR000037561', '2025-07-22 19:21:00', 'issued');
INSERT INTO app_reservation (id, flight_id, passenger_id, seat_id, status, reservation_date, price, reservation_code) VALUES (38, 4, 12, 520, 'confirmed', '2025-07-24 23:43:00', 60000.00, 'RSV040008');
INSERT INTO app_ticket (id, reservation_id, barcode, issue_date, status) VALUES (26, 38, 'AR000038735', '2025-07-25 07:43:00', 'issued');
INSERT INTO app_reservation (id, flight_id, passenger_id, seat_id, status, reservation_date, price, reservation_code) VALUES (39, 4, 3, 521, 'confirmed', '2025-07-20 14:22:00', 60000.00, 'RSV040009');
INSERT INTO app_ticket (id, reservation_id, barcode, issue_date, status) VALUES (27, 39, 'AR000039316', '2025-07-22 00:22:00', 'issued');
INSERT INTO app_reservation (id, flight_id, passenger_id, seat_id, status, reservation_date, price, reservation_code) VALUES (40, 4, 35, 522, 'confirmed', '2025-07-19 16:00:00', 60000.00, 'RSV040010');
INSERT INTO app_ticket (id, reservation_id, barcode, issue_date, status) VALUES (28, 40, 'AR000040665', '2025-07-20 02:00:00', 'issued');
INSERT INTO app_reservation (id, flight_id, passenger_id, seat_id, status, reservation_date, price, reservation_code) VALUES (41, 4, 13, 523, 'confirmed', '2025-07-27 17:44:00', 60000.00, 'RSV040011');
INSERT INTO app_ticket (id, reservation_id, barcode, issue_date, status) VALUES (29, 41, 'AR000041708', '2025-07-30 06:44:00', 'issued');
INSERT INTO app_reservation (id, flight_id, passenger_id, seat_id, status, reservation_date, price, reservation_code) VALUES (42, 4, 5, 524, 'confirmed', '2025-07-25 16:56:00', 60000.00, 'RSV040012');
INSERT INTO app_ticket (id, reservation_id, barcode, issue_date, status) VALUES (30, 42, 'AR000042389', '2025-07-28 03:56:00', 'issued');
INSERT INTO app_reservation (id, flight_id, passenger_id, seat_id, status, reservation_date, price, reservation_code) VALUES (43, 4, 60, 525, 'confirmed', '2025-07-28 10:11:00', 60000.00, 'RSV040013');
INSERT INTO app_ticket (id, reservation_id, barcode, issue_date, status) VALUES (31, 43, 'AR000043910', '2025-07-29 12:11:00', 'issued');
INSERT INTO app_reservation (id, flight_id, passenger_id, seat_id, status, reservation_date, price, reservation_code) VALUES (44, 4, 14, 526, 'confirmed', '2025-07-23 14:36:00', 60000.00, 'RSV040014');
INSERT INTO app_ticket (id, reservation_id, barcode, issue_date, status) VALUES (32, 44, 'AR000044252', '2025-07-25 01:36:00', 'issued');
INSERT INTO app_reservation (id, flight_id, passenger_id, seat_id, status, reservation_date, price, reservation_code) VALUES (45, 4, 57, 527, 'confirmed', '2025-07-27 16:07:00', 60000.00, 'RSV040015');
INSERT INTO app_ticket (id, reservation_id, barcode, issue_date, status) VALUES (33, 45, 'AR000045414', '2025-07-29 05:07:00', 'issued');
INSERT INTO app_reservation (id, flight_id, passenger_id, seat_id, status, reservation_date, price, reservation_code) VALUES (46, 4, 40, 528, 'confirmed', '2025-07-22 14:41:00', 60000.00, 'RSV040016');
INSERT INTO app_ticket (id, reservation_id, barcode, issue_date, status) VALUES (34, 46, 'AR000046816', '2025-07-24 18:41:00', 'issued');
INSERT INTO app_reservation (id, flight_id, passenger_id, seat_id, status, reservation_date, price, reservation_code) VALUES (47, 4, 17, 529, 'confirmed', '2025-07-25 01:36:00', 60000.00, 'RSV040017');
INSERT INTO app_ticket (id, reservation_id, barcode, issue_date, status) VALUES (35, 47, 'AR000047182', '2025-07-25 07:36:00', 'issued');
INSERT INTO app_reservation (id, flight_id, passenger_id, seat_id, status, reservation_date, price, reservation_code) VALUES (48, 4, 33, 530, 'confirmed', '2025-07-23 07:32:00', 60000.00, 'RSV040018');
INSERT INTO app_ticket (id, reservation_id, barcode, issue_date, status) VALUES (36, 48, 'AR000048193', '2025-07-24 13:32:00', 'issued');
INSERT INTO app_reservation (id, flight_id, passenger_id, seat_id, status, reservation_date, price, reservation_code) VALUES (49, 4, 68, 531, 'canceled', '2025-07-18 23:33:00', 60000.00, 'RSV040019');
INSERT INTO app_reservation (id, flight_id, passenger_id, seat_id, status, reservation_date, price, reservation_code) VALUES (50, 4, 21, 532, 'confirmed', '2025-07-17 09:34:00', 60000.00, 'RSV040020');
INSERT INTO app_ticket (id, reservation_id, barcode, issue_date, status) VALUES (37, 50, 'AR000050874', '2025-07-18 08:34:00', 'issued');
INSERT INTO app_reservation (id, flight_id, passenger_id, seat_id, status, reservation_date, price, reservation_code) VALUES (51, 4, 55, 533, 'confirmed', '2025-07-22 01:29:00', 60000.00, 'RSV040021');
INSERT INTO app_ticket (id, reservation_id, barcode, issue_date, status) VALUES (38, 51, 'AR000051384', '2025-07-23 01:29:00', 'issued');
INSERT INTO app_reservation (id, flight_id, passenger_id, seat_id, status, reservation_date, price, reservation_code) VALUES (52, 4, 48, 534, 'pending', '2025-07-20 04:30:00', 60000.00, 'RSV040022');
INSERT INTO app_reservation (id, flight_id, passenger_id, seat_id, status, reservation_date, price, reservation_code) VALUES (53, 4, 51, 535, 'confirmed', '2025-07-28 02:48:00', 60000.00, 'RSV040023');
INSERT INTO app_ticket (id, reservation_id, barcode, issue_date, status) VALUES (39, 53, 'AR000053428', '2025-07-28 16:48:00', 'issued');
INSERT INTO app_reservation (id, flight_id, passenger_id, seat_id, status, reservation_date, price, reservation_code) VALUES (54, 4, 39, 536, 'confirmed', '2025-07-27 07:44:00', 60000.00, 'RSV040024');
INSERT INTO app_ticket (id, reservation_id, barcode, issue_date, status) VALUES (40, 54, 'AR000054395', '2025-07-29 11:44:00', 'issued');
INSERT INTO app_reservation (id, flight_id, passenger_id, seat_id, status, reservation_date, price, reservation_code) VALUES (55, 4, 11, 537, 'confirmed', '2025-07-17 01:08:00', 60000.00, 'RSV040025');
INSERT INTO app_ticket (id, reservation_id, barcode, issue_date, status) VALUES (41, 55, 'AR000055422', '2025-07-18 10:08:00', 'issued');
INSERT INTO app_reservation (id, flight_id, passenger_id, seat_id, status, reservation_date, price, reservation_code) VALUES (56, 6, 59, 229, 'confirmed', '2025-07-23 07:35:00', 85000.00, 'RSV060001');
INSERT INTO app_ticket (id, reservation_id, barcode, issue_date, status) VALUES (42, 56, 'AR000056814', '2025-07-24 14:35:00', 'issued');
INSERT INTO app_reservation (id, flight_id, passenger_id, seat_id, status, reservation_date, price, reservation_code) VALUES (57, 6, 43, 230, 'pending', '2025-07-21 06:16:00', 85000.00, 'RSV060002');
INSERT INTO app_reservation (id, flight_id, passenger_id, seat_id, status, reservation_date, price, reservation_code) VALUES (58, 6, 54, 231, 'pending', '2025-07-24 17:10:00', 85000.00, 'RSV060003');
INSERT INTO app_reservation (id, flight_id, passenger_id, seat_id, status, reservation_date, price, reservation_code) VALUES (59, 6, 37, 232, 'canceled', '2025-07-19 06:06:00', 85000.00, 'RSV060004');
INSERT INTO app_reservation (id, flight_id, passenger_id, seat_id, status, reservation_date, price, reservation_code) VALUES (60, 6, 71, 233, 'canceled', '2025-07-18 13:59:00', 85000.00, 'RSV060005');
INSERT INTO app_reservation (id, flight_id, passenger_id, seat_id, status, reservation_date, price, reservation_code) VALUES (61, 6, 28, 234, 'confirmed', '2025-07-28 01:53:00', 85000.00, 'RSV060006');
INSERT INTO app_ticket (id, reservation_id, barcode, issue_date, status) VALUES (43, 61, 'AR000061202', '2025-07-30 10:53:00', 'issued');
INSERT INTO app_reservation (id, flight_id, passenger_id, seat_id, status, reservation_date, price, reservation_code) VALUES (62, 6, 4, 235, 'confirmed', '2025-07-29 01:32:00', 85000.00, 'RSV060007');
INSERT INTO app_ticket (id, reservation_id, barcode, issue_date, status) VALUES (44, 62, 'AR000062839', '2025-07-29 20:32:00', 'issued');
INSERT INTO app_reservation (id, flight_id, passenger_id, seat_id, status, reservation_date, price, reservation_code) VALUES (63, 6, 21, 236, 'confirmed', '2025-07-24 14:26:00', 85000.00, 'RSV060008');
INSERT INTO app_ticket (id, reservation_id, barcode, issue_date, status) VALUES (45, 63, 'AR000063371', '2025-07-26 10:26:00', 'issued');
INSERT INTO app_reservation (id, flight_id, passenger_id, seat_id, status, reservation_date, price, reservation_code) VALUES (64, 6, 40, 237, 'confirmed', '2025-07-21 05:49:00', 85000.00, 'RSV060009');
INSERT INTO app_ticket (id, reservation_id, barcode, issue_date, status) VALUES (46, 64, 'AR000064436', '2025-07-24 02:49:00', 'issued');
INSERT INTO app_reservation (id, flight_id, passenger_id, seat_id, status, reservation_date, price, reservation_code) VALUES (65, 6, 38, 238, 'pending', '2025-07-24 07:50:00', 85000.00, 'RSV060010');
INSERT INTO app_reservation (id, flight_id, passenger_id, seat_id, status, reservation_date, price, reservation_code) VALUES (66, 6, 26, 239, 'confirmed', '2025-07-18 02:35:00', 85000.00, 'RSV060011');
INSERT INTO app_ticket (id, reservation_id, barcode, issue_date, status) VALUES (47, 66, 'AR000066732', '2025-07-18 11:35:00', 'issued');
INSERT INTO app_reservation (id, flight_id, passenger_id, seat_id, status, reservation_date, price, reservation_code) VALUES (67, 6, 12, 240, 'pending', '2025-07-27 09:16:00', 85000.00, 'RSV060012');
INSERT INTO app_reservation (id, flight_id, passenger_id, seat_id, status, reservation_date, price, reservation_code) VALUES (68, 6, 22, 241, 'confirmed', '2025-07-24 14:42:00', 85000.00, 'RSV060013');
INSERT INTO app_ticket (id, reservation_id, barcode, issue_date, status) VALUES (48, 68, 'AR000068993', '2025-07-25 03:42:00', 'issued');
INSERT INTO app_reservation (id, flight_id, passenger_id, seat_id, status, reservation_date, price, reservation_code) VALUES (69, 6, 50, 242, 'confirmed', '2025-07-23 12:46:00', 85000.00, 'RSV060014');
INSERT INTO app_ticket (id, reservation_id, barcode, issue_date, status) VALUES (49, 69, 'AR000069129', '2025-07-23 18:46:00', 'issued');
INSERT INTO app_reservation (id, flight_id, passenger_id, seat_id, status, reservation_date, price, reservation_code) VALUES (70, 6, 58, 243, 'confirmed', '2025-07-25 17:12:00', 85000.00, 'RSV060015');
INSERT INTO app_ticket (id, reservation_id, barcode, issue_date, status) VALUES (50, 70, 'AR000070541', '2025-07-26 12:12:00', 'issued');
INSERT INTO app_reservation (id, flight_id, passenger_id, seat_id, status, reservation_date, price, reservation_code) VALUES (71, 6, 24, 244, 'confirmed', '2025-07-27 02:04:00', 85000.00, 'RSV060016');
INSERT INTO app_ticket (id, reservation_id, barcode, issue_date, status) VALUES (51, 71, 'AR000071911', '2025-07-28 02:04:00', 'issued');
INSERT INTO app_reservation (id, flight_id, passenger_id, seat_id, status, reservation_date, price, reservation_code) VALUES (72, 6, 23, 245, 'confirmed', '2025-07-28 13:25:00', 85000.00, 'RSV060017');
INSERT INTO app_ticket (id, reservation_id, barcode, issue_date, status) VALUES (52, 72, 'AR000072491', '2025-07-29 20:25:00', 'issued');
INSERT INTO app_reservation (id, flight_id, passenger_id, seat_id, status, reservation_date, price, reservation_code) VALUES (73, 6, 49, 246, 'confirmed', '2025-07-23 00:21:00', 85000.00, 'RSV060018');
INSERT INTO app_ticket (id, reservation_id, barcode, issue_date, status) VALUES (53, 73, 'AR000073753', '2025-07-24 09:21:00', 'issued');
INSERT INTO app_reservation (id, flight_id, passenger_id, seat_id, status, reservation_date, price, reservation_code) VALUES (74, 6, 14, 247, 'confirmed', '2025-07-23 09:48:00', 85000.00, 'RSV060019');
INSERT INTO app_ticket (id, reservation_id, barcode, issue_date, status) VALUES (54, 74, 'AR000074923', '2025-07-25 21:48:00', 'issued');
INSERT INTO app_reservation (id, flight_id, passenger_id, seat_id, status, reservation_date, price, reservation_code) VALUES (75, 6, 62, 248, 'confirmed', '2025-07-26 01:20:00', 85000.00, 'RSV060020');
INSERT INTO app_ticket (id, reservation_id, barcode, issue_date, status) VALUES (55, 75, 'AR000075453', '2025-07-27 16:20:00', 'issued');
INSERT INTO app_reservation (id, flight_id, passenger_id, seat_id, status, reservation_date, price, reservation_code) VALUES (76, 6, 3, 249, 'confirmed', '2025-07-20 04:46:00', 85000.00, 'RSV060021');
INSERT INTO app_ticket (id, reservation_id, barcode, issue_date, status) VALUES (56, 76, 'AR000076965', '2025-07-21 19:46:00', 'issued');
INSERT INTO app_reservation (id, flight_id, passenger_id, seat_id, status, reservation_date, price, reservation_code) VALUES (77, 6, 68, 250, 'confirmed', '2025-07-27 05:36:00', 85000.00, 'RSV060022');
INSERT INTO app_ticket (id, reservation_id, barcode, issue_date, status) VALUES (57, 77, 'AR000077342', '2025-07-29 06:36:00', 'issued');
INSERT INTO app_reservation (id, flight_id, passenger_id, seat_id, status, reservation_date, price, reservation_code) VALUES (78, 6, 17, 251, 'confirmed', '2025-07-21 06:54:00', 85000.00, 'RSV060023');
INSERT INTO app_ticket (id, reservation_id, barcode, issue_date, status) VALUES (58, 78, 'AR000078816', '2025-07-22 20:54:00', 'issued');
INSERT INTO app_reservation (id, flight_id, passenger_id, seat_id, status, reservation_date, price, reservation_code) VALUES (79, 6, 48, 252, 'confirmed', '2025-07-30 06:13:00', 85000.00, 'RSV060024');
INSERT INTO app_ticket (id, reservation_id, barcode, issue_date, status) VALUES (59, 79, 'AR000079985', '2025-07-30 13:13:00', 'issued');
INSERT INTO app_reservation (id, flight_id, passenger_id, seat_id, status, reservation_date, price, reservation_code) VALUES (80, 6, 77, 253, 'canceled', '2025-07-21 02:37:00', 85000.00, 'RSV060025');
INSERT INTO app_reservation (id, flight_id, passenger_id, seat_id, status, reservation_date, price, reservation_code) VALUES (81, 6, 13, 254, 'pending', '2025-07-26 10:52:00', 85000.00, 'RSV060026');
INSERT INTO app_reservation (id, flight_id, passenger_id, seat_id, status, reservation_date, price, reservation_code) VALUES (82, 6, 5, 255, 'confirmed', '2025-07-27 11:51:00', 85000.00, 'RSV060027');
INSERT INTO app_ticket (id, reservation_id, barcode, issue_date, status) VALUES (60, 82, 'AR000082873', '2025-07-28 05:51:00', 'issued');
INSERT INTO app_reservation (id, flight_id, passenger_id, seat_id, status, reservation_date, price, reservation_code) VALUES (83, 6, 34, 256, 'confirmed', '2025-07-20 14:33:00', 85000.00, 'RSV060028');
INSERT INTO app_ticket (id, reservation_id, barcode, issue_date, status) VALUES (61, 83, 'AR000083140', '2025-07-22 06:33:00', 'issued');
INSERT INTO app_reservation (id, flight_id, passenger_id, seat_id, status, reservation_date, price, reservation_code) VALUES (84, 6, 80, 257, 'confirmed', '2025-07-18 04:28:00', 85000.00, 'RSV060029');
INSERT INTO app_ticket (id, reservation_id, barcode, issue_date, status) VALUES (62, 84, 'AR000084849', '2025-07-18 21:28:00', 'issued');
INSERT INTO app_reservation (id, flight_id, passenger_id, seat_id, status, reservation_date, price, reservation_code) VALUES (85, 6, 78, 258, 'pending', '2025-07-29 09:10:00', 85000.00, 'RSV060030');
INSERT INTO app_reservation (id, flight_id, passenger_id, seat_id, status, reservation_date, price, reservation_code) VALUES (86, 6, 51, 259, 'pending', '2025-07-28 12:22:00', 85000.00, 'RSV060031');
INSERT INTO app_reservation (id, flight_id, passenger_id, seat_id, status, reservation_date, price, reservation_code) VALUES (87, 6, 31, 260, 'canceled', '2025-07-25 01:58:00', 85000.00, 'RSV060032');
INSERT INTO app_reservation (id, flight_id, passenger_id, seat_id, status, reservation_date, price, reservation_code) VALUES (88, 6, 44, 261, 'pending', '2025-07-28 09:32:00', 85000.00, 'RSV060033');
INSERT INTO app_reservation (id, flight_id, passenger_id, seat_id, status, reservation_date, price, reservation_code) VALUES (89, 6, 18, 262, 'pending', '2025-07-23 08:43:00', 85000.00, 'RSV060034');
INSERT INTO app_reservation (id, flight_id, passenger_id, seat_id, status, reservation_date, price, reservation_code) VALUES (90, 6, 33, 263, 'canceled', '2025-07-18 15:01:00', 85000.00, 'RSV060035');
INSERT INTO app_reservation (id, flight_id, passenger_id, seat_id, status, reservation_date, price, reservation_code) VALUES (91, 6, 61, 264, 'confirmed', '2025-07-28 10:35:00', 85000.00, 'RSV060036');
INSERT INTO app_ticket (id, reservation_id, barcode, issue_date, status) VALUES (63, 91, 'AR000091790', '2025-07-30 13:35:00', 'issued');
INSERT INTO app_reservation (id, flight_id, passenger_id, seat_id, status, reservation_date, price, reservation_code) VALUES (92, 6, 56, 265, 'confirmed', '2025-07-18 01:07:00', 85000.00, 'RSV060037');
INSERT INTO app_ticket (id, reservation_id, barcode, issue_date, status) VALUES (64, 92, 'AR000092504', '2025-07-18 03:07:00', 'issued');
INSERT INTO app_reservation (id, flight_id, passenger_id, seat_id, status, reservation_date, price, reservation_code) VALUES (93, 6, 10, 266, 'confirmed', '2025-07-26 01:23:00', 85000.00, 'RSV060038');
INSERT INTO app_ticket (id, reservation_id, barcode, issue_date, status) VALUES (65, 93, 'AR000093788', '2025-07-27 11:23:00', 'issued');
INSERT INTO app_reservation (id, flight_id, passenger_id, seat_id, status, reservation_date, price, reservation_code) VALUES (94, 6, 73, 267, 'confirmed', '2025-07-21 05:38:00', 85000.00, 'RSV060039');
INSERT INTO app_ticket (id, reservation_id, barcode, issue_date, status) VALUES (66, 94, 'AR000094480', '2025-07-21 19:38:00', 'issued');
INSERT INTO app_reservation (id, flight_id, passenger_id, seat_id, status, reservation_date, price, reservation_code) VALUES (95, 6, 30, 268, 'confirmed', '2025-07-20 11:00:00', 85000.00, 'RSV060040');
INSERT INTO app_ticket (id, reservation_id, barcode, issue_date, status) VALUES (67, 95, 'AR000095674', '2025-07-22 05:00:00', 'issued');
INSERT INTO app_reservation (id, flight_id, passenger_id, seat_id, status, reservation_date, price, reservation_code) VALUES (96, 7, 37, 389, 'pending', '2025-07-28 13:44:00', 120000.00, 'RSV070001');
INSERT INTO app_reservation (id, flight_id, passenger_id, seat_id, status, reservation_date, price, reservation_code) VALUES (97, 7, 17, 390, 'confirmed', '2025-07-30 06:52:00', 120000.00, 'RSV070002');
INSERT INTO app_ticket (id, reservation_id, barcode, issue_date, status) VALUES (68, 97, 'AR000097908', '2025-07-31 13:52:00', 'issued');
INSERT INTO app_reservation (id, flight_id, passenger_id, seat_id, status, reservation_date, price, reservation_code) VALUES (98, 7, 72, 391, 'confirmed', '2025-07-21 20:59:00', 120000.00, 'RSV070003');
INSERT INTO app_ticket (id, reservation_id, barcode, issue_date, status) VALUES (69, 98, 'AR000098153', '2025-07-22 13:59:00', 'issued');
INSERT INTO app_reservation (id, flight_id, passenger_id, seat_id, status, reservation_date, price, reservation_code) VALUES (99, 7, 25, 392, 'confirmed', '2025-07-19 17:27:00', 120000.00, 'RSV070004');
INSERT INTO app_ticket (id, reservation_id, barcode, issue_date, status) VALUES (70, 99, 'AR000099165', '2025-07-22 06:27:00', 'issued');
INSERT INTO app_reservation (id, flight_id, passenger_id, seat_id, status, reservation_date, price, reservation_code) VALUES (100, 7, 55, 393, 'confirmed', '2025-07-23 19:28:00', 120000.00, 'RSV070005');
INSERT INTO app_ticket (id, reservation_id, barcode, issue_date, status) VALUES (71, 100, 'AR000100562', '2025-07-26 12:28:00', 'issued');
INSERT INTO app_reservation (id, flight_id, passenger_id, seat_id, status, reservation_date, price, reservation_code) VALUES (101, 7, 12, 394, 'pending', '2025-07-28 05:14:00', 120000.00, 'RSV070006');
INSERT INTO app_reservation (id, flight_id, passenger_id, seat_id, status, reservation_date, price, reservation_code) VALUES (102, 7, 33, 395, 'confirmed', '2025-07-20 14:41:00', 120000.00, 'RSV070007');
INSERT INTO app_ticket (id, reservation_id, barcode, issue_date, status) VALUES (72, 102, 'AR000102131', '2025-07-20 22:41:00', 'issued');
INSERT INTO app_reservation (id, flight_id, passenger_id, seat_id, status, reservation_date, price, reservation_code) VALUES (103, 7, 49, 396, 'confirmed', '2025-07-23 18:33:00', 120000.00, 'RSV070008');
INSERT INTO app_ticket (id, reservation_id, barcode, issue_date, status) VALUES (73, 103, 'AR000103602', '2025-07-26 03:33:00', 'issued');
INSERT INTO app_reservation (id, flight_id, passenger_id, seat_id, status, reservation_date, price, reservation_code) VALUES (104, 7, 61, 397, 'confirmed', '2025-07-30 04:40:00', 120000.00, 'RSV070009');
INSERT INTO app_ticket (id, reservation_id, barcode, issue_date, status) VALUES (74, 104, 'AR000104167', '2025-07-30 21:40:00', 'issued');
INSERT INTO app_reservation (id, flight_id, passenger_id, seat_id, status, reservation_date, price, reservation_code) VALUES (105, 7, 41, 398, 'pending', '2025-07-26 12:25:00', 120000.00, 'RSV070010');
INSERT INTO app_reservation (id, flight_id, passenger_id, seat_id, status, reservation_date, price, reservation_code) VALUES (106, 7, 78, 399, 'confirmed', '2025-07-24 14:42:00', 120000.00, 'RSV070011');
INSERT INTO app_ticket (id, reservation_id, barcode, issue_date, status) VALUES (75, 106, 'AR000106719', '2025-07-26 22:42:00', 'issued');
INSERT INTO app_reservation (id, flight_id, passenger_id, seat_id, status, reservation_date, price, reservation_code) VALUES (107, 7, 19, 400, 'confirmed', '2025-07-30 03:06:00', 120000.00, 'RSV070012');
INSERT INTO app_ticket (id, reservation_id, barcode, issue_date, status) VALUES (76, 107, 'AR000107998', '2025-08-02 02:06:00', 'issued');
INSERT INTO app_reservation (id, flight_id, passenger_id, seat_id, status, reservation_date, price, reservation_code) VALUES (108, 7, 63, 401, 'confirmed', '2025-07-20 00:33:00', 120000.00, 'RSV070013');
INSERT INTO app_ticket (id, reservation_id, barcode, issue_date, status) VALUES (77, 108, 'AR000108333', '2025-07-22 05:33:00', 'issued');
INSERT INTO app_reservation (id, flight_id, passenger_id, seat_id, status, reservation_date, price, reservation_code) VALUES (109, 7, 75, 402, 'confirmed', '2025-07-25 16:35:00', 120000.00, 'RSV070014');
INSERT INTO app_ticket (id, reservation_id, barcode, issue_date, status) VALUES (78, 109, 'AR000109197', '2025-07-27 09:35:00', 'issued');
INSERT INTO app_reservation (id, flight_id, passenger_id, seat_id, status, reservation_date, price, reservation_code) VALUES (110, 7, 67, 403, 'confirmed', '2025-07-24 20:18:00', 120000.00, 'RSV070015');
INSERT INTO app_ticket (id, reservation_id, barcode, issue_date, status) VALUES (79, 110, 'AR000110256', '2025-07-27 09:18:00', 'issued');
INSERT INTO app_reservation (id, flight_id, passenger_id, seat_id, status, reservation_date, price, reservation_code) VALUES (111, 7, 71, 404, 'confirmed', '2025-07-30 04:07:00', 120000.00, 'RSV070016');
INSERT INTO app_ticket (id, reservation_id, barcode, issue_date, status) VALUES (80, 111, 'AR000111542', '2025-07-30 17:07:00', 'issued');
INSERT INTO app_reservation (id, flight_id, passenger_id, seat_id, status, reservation_date, price, reservation_code) VALUES (112, 7, 8, 405, 'confirmed', '2025-07-19 19:09:00', 120000.00, 'RSV070017');
INSERT INTO app_ticket (id, reservation_id, barcode, issue_date, status) VALUES (81, 112, 'AR000112161', '2025-07-22 19:09:00', 'issued');
INSERT INTO app_reservation (id, flight_id, passenger_id, seat_id, status, reservation_date, price, reservation_code) VALUES (113, 7, 11, 406, 'confirmed', '2025-07-22 20:18:00', 120000.00, 'RSV070018');
INSERT INTO app_ticket (id, reservation_id, barcode, issue_date, status) VALUES (82, 113, 'AR000113462', '2025-07-25 03:18:00', 'issued');
INSERT INTO app_reservation (id, flight_id, passenger_id, seat_id, status, reservation_date, price, reservation_code) VALUES (114, 7, 2, 407, 'confirmed', '2025-07-20 05:42:00', 120000.00, 'RSV070019');
INSERT INTO app_ticket (id, reservation_id, barcode, issue_date, status) VALUES (83, 114, 'AR000114460', '2025-07-20 19:42:00', 'issued');
INSERT INTO app_reservation (id, flight_id, passenger_id, seat_id, status, reservation_date, price, reservation_code) VALUES (115, 7, 1, 408, 'confirmed', '2025-07-21 14:47:00', 120000.00, 'RSV070020');
INSERT INTO app_ticket (id, reservation_id, barcode, issue_date, status) VALUES (84, 115, 'AR000115593', '2025-07-22 19:47:00', 'issued');
INSERT INTO app_reservation (id, flight_id, passenger_id, seat_id, status, reservation_date, price, reservation_code) VALUES (116, 7, 20, 409, 'confirmed', '2025-07-29 19:06:00', 120000.00, 'RSV070021');
INSERT INTO app_ticket (id, reservation_id, barcode, issue_date, status) VALUES (85, 116, 'AR000116217', '2025-07-31 07:06:00', 'issued');
INSERT INTO app_reservation (id, flight_id, passenger_id, seat_id, status, reservation_date, price, reservation_code) VALUES (117, 7, 36, 410, 'confirmed', '2025-07-21 23:09:00', 120000.00, 'RSV070022');
INSERT INTO app_ticket (id, reservation_id, barcode, issue_date, status) VALUES (86, 117, 'AR000117674', '2025-07-24 23:09:00', 'issued');
INSERT INTO app_reservation (id, flight_id, passenger_id, seat_id, status, reservation_date, price, reservation_code) VALUES (118, 7, 21, 411, 'confirmed', '2025-07-30 22:59:00', 120000.00, 'RSV070023');
INSERT INTO app_ticket (id, reservation_id, barcode, issue_date, status) VALUES (87, 118, 'AR000118819', '2025-08-01 14:59:00', 'issued');
INSERT INTO app_reservation (id, flight_id, passenger_id, seat_id, status, reservation_date, price, reservation_code) VALUES (119, 7, 66, 412, 'confirmed', '2025-07-25 20:00:00', 120000.00, 'RSV070024');
INSERT INTO app_ticket (id, reservation_id, barcode, issue_date, status) VALUES (88, 119, 'AR000119246', '2025-07-28 00:00:00', 'issued');
INSERT INTO app_reservation (id, flight_id, passenger_id, seat_id, status, reservation_date, price, reservation_code) VALUES (120, 7, 22, 413, 'confirmed', '2025-07-30 02:13:00', 120000.00, 'RSV070025');
INSERT INTO app_ticket (id, reservation_id, barcode, issue_date, status) VALUES (89, 120, 'AR000120131', '2025-07-30 14:13:00', 'issued');
INSERT INTO app_reservation (id, flight_id, passenger_id, seat_id, status, reservation_date, price, reservation_code) VALUES (121, 7, 59, 414, 'confirmed', '2025-07-19 14:47:00', 120000.00, 'RSV070026');
INSERT INTO app_ticket (id, reservation_id, barcode, issue_date, status) VALUES (90, 121, 'AR000121564', '2025-07-21 10:47:00', 'issued');
INSERT INTO app_reservation (id, flight_id, passenger_id, seat_id, status, reservation_date, price, reservation_code) VALUES (122, 7, 68, 415, 'pending', '2025-07-28 19:41:00', 120000.00, 'RSV070027');
INSERT INTO app_reservation (id, flight_id, passenger_id, seat_id, status, reservation_date, price, reservation_code) VALUES (123, 7, 54, 416, 'confirmed', '2025-07-18 12:22:00', 120000.00, 'RSV070028');
INSERT INTO app_ticket (id, reservation_id, barcode, issue_date, status) VALUES (91, 123, 'AR000123153', '2025-07-19 08:22:00', 'issued');
INSERT INTO app_reservation (id, flight_id, passenger_id, seat_id, status, reservation_date, price, reservation_code) VALUES (124, 7, 28, 417, 'confirmed', '2025-07-29 05:17:00', 120000.00, 'RSV070029');
INSERT INTO app_ticket (id, reservation_id, barcode, issue_date, status) VALUES (92, 124, 'AR000124553', '2025-07-31 12:17:00', 'issued');
INSERT INTO app_reservation (id, flight_id, passenger_id, seat_id, status, reservation_date, price, reservation_code) VALUES (125, 7, 34, 418, 'confirmed', '2025-07-23 16:34:00', 120000.00, 'RSV070030');
INSERT INTO app_ticket (id, reservation_id, barcode, issue_date, status) VALUES (93, 125, 'AR000125873', '2025-07-26 10:34:00', 'issued');
INSERT INTO app_reservation (id, flight_id, passenger_id, seat_id, status, reservation_date, price, reservation_code) VALUES (126, 7, 56, 419, 'confirmed', '2025-07-29 19:33:00', 120000.00, 'RSV070031');
INSERT INTO app_ticket (id, reservation_id, barcode, issue_date, status) VALUES (94, 126, 'AR000126794', '2025-08-01 10:33:00', 'issued');
INSERT INTO app_reservation (id, flight_id, passenger_id, seat_id, status, reservation_date, price, reservation_code) VALUES (127, 7, 46, 420, 'confirmed', '2025-07-22 21:58:00', 120000.00, 'RSV070032');
INSERT INTO app_ticket (id, reservation_id, barcode, issue_date, status) VALUES (95, 127, 'AR000127713', '2025-07-23 05:58:00', 'issued');
INSERT INTO app_reservation (id, flight_id, passenger_id, seat_id, status, reservation_date, price, reservation_code) VALUES (128, 7, 26, 421, 'canceled', '2025-07-31 00:41:00', 120000.00, 'RSV070033');
INSERT INTO app_reservation (id, flight_id, passenger_id, seat_id, status, reservation_date, price, reservation_code) VALUES (129, 7, 4, 422, 'confirmed', '2025-07-19 02:12:00', 120000.00, 'RSV070034');
INSERT INTO app_ticket (id, reservation_id, barcode, issue_date, status) VALUES (96, 129, 'AR000129435', '2025-07-19 18:12:00', 'issued');
INSERT INTO app_reservation (id, flight_id, passenger_id, seat_id, status, reservation_date, price, reservation_code) VALUES (130, 7, 23, 423, 'confirmed', '2025-07-30 15:13:00', 120000.00, 'RSV070035');
INSERT INTO app_ticket (id, reservation_id, barcode, issue_date, status) VALUES (97, 130, 'AR000130232', '2025-08-01 16:13:00', 'issued');

-- Update seats that got booked to status=reserved
UPDATE app_seat SET status='reserved' WHERE id=43;
UPDATE app_seat SET status='reserved' WHERE id=44;
UPDATE app_seat SET status='reserved' WHERE id=45;
UPDATE app_seat SET status='reserved' WHERE id=46;
UPDATE app_seat SET status='reserved' WHERE id=47;
UPDATE app_seat SET status='reserved' WHERE id=48;
UPDATE app_seat SET status='reserved' WHERE id=49;
UPDATE app_seat SET status='reserved' WHERE id=50;
UPDATE app_seat SET status='reserved' WHERE id=51;
UPDATE app_seat SET status='reserved' WHERE id=52;
UPDATE app_seat SET status='reserved' WHERE id=53;
UPDATE app_seat SET status='reserved' WHERE id=54;
UPDATE app_seat SET status='reserved' WHERE id=55;
UPDATE app_seat SET status='reserved' WHERE id=56;
UPDATE app_seat SET status='reserved' WHERE id=57;
UPDATE app_seat SET status='reserved' WHERE id=58;
UPDATE app_seat SET status='reserved' WHERE id=59;
UPDATE app_seat SET status='reserved' WHERE id=60;
UPDATE app_seat SET status='reserved' WHERE id=61;
UPDATE app_seat SET status='reserved' WHERE id=62;
UPDATE app_seat SET status='reserved' WHERE id=63;
UPDATE app_seat SET status='reserved' WHERE id=64;
UPDATE app_seat SET status='reserved' WHERE id=65;
UPDATE app_seat SET status='reserved' WHERE id=66;
UPDATE app_seat SET status='reserved' WHERE id=67;
UPDATE app_seat SET status='reserved' WHERE id=68;
UPDATE app_seat SET status='reserved' WHERE id=69;
UPDATE app_seat SET status='reserved' WHERE id=70;
UPDATE app_seat SET status='reserved' WHERE id=71;
UPDATE app_seat SET status='reserved' WHERE id=72;
UPDATE app_seat SET status='reserved' WHERE id=229;
UPDATE app_seat SET status='reserved' WHERE id=230;
UPDATE app_seat SET status='reserved' WHERE id=231;
UPDATE app_seat SET status='reserved' WHERE id=232;
UPDATE app_seat SET status='reserved' WHERE id=233;
UPDATE app_seat SET status='reserved' WHERE id=234;
UPDATE app_seat SET status='reserved' WHERE id=235;
UPDATE app_seat SET status='reserved' WHERE id=236;
UPDATE app_seat SET status='reserved' WHERE id=237;
UPDATE app_seat SET status='reserved' WHERE id=238;
UPDATE app_seat SET status='reserved' WHERE id=239;
UPDATE app_seat SET status='reserved' WHERE id=240;
UPDATE app_seat SET status='reserved' WHERE id=241;
UPDATE app_seat SET status='reserved' WHERE id=242;
UPDATE app_seat SET status='reserved' WHERE id=243;
UPDATE app_seat SET status='reserved' WHERE id=244;
UPDATE app_seat SET status='reserved' WHERE id=245;
UPDATE app_seat SET status='reserved' WHERE id=246;
UPDATE app_seat SET status='reserved' WHERE id=247;
UPDATE app_seat SET status='reserved' WHERE id=248;
UPDATE app_seat SET status='reserved' WHERE id=249;
UPDATE app_seat SET status='reserved' WHERE id=250;
UPDATE app_seat SET status='reserved' WHERE id=251;
UPDATE app_seat SET status='reserved' WHERE id=252;
UPDATE app_seat SET status='reserved' WHERE id=253;
UPDATE app_seat SET status='reserved' WHERE id=254;
UPDATE app_seat SET status='reserved' WHERE id=255;
UPDATE app_seat SET status='reserved' WHERE id=256;
UPDATE app_seat SET status='reserved' WHERE id=257;
UPDATE app_seat SET status='reserved' WHERE id=258;
UPDATE app_seat SET status='reserved' WHERE id=259;
UPDATE app_seat SET status='reserved' WHERE id=260;
UPDATE app_seat SET status='reserved' WHERE id=261;
UPDATE app_seat SET status='reserved' WHERE id=262;
UPDATE app_seat SET status='reserved' WHERE id=263;
UPDATE app_seat SET status='reserved' WHERE id=264;
UPDATE app_seat SET status='reserved' WHERE id=265;
UPDATE app_seat SET status='reserved' WHERE id=266;
UPDATE app_seat SET status='reserved' WHERE id=267;
UPDATE app_seat SET status='reserved' WHERE id=268;
UPDATE app_seat SET status='reserved' WHERE id=389;
UPDATE app_seat SET status='reserved' WHERE id=390;
UPDATE app_seat SET status='reserved' WHERE id=391;
UPDATE app_seat SET status='reserved' WHERE id=392;
UPDATE app_seat SET status='reserved' WHERE id=393;
UPDATE app_seat SET status='reserved' WHERE id=394;
UPDATE app_seat SET status='reserved' WHERE id=395;
UPDATE app_seat SET status='reserved' WHERE id=396;
UPDATE app_seat SET status='reserved' WHERE id=397;
UPDATE app_seat SET status='reserved' WHERE id=398;
UPDATE app_seat SET status='reserved' WHERE id=399;
UPDATE app_seat SET status='reserved' WHERE id=400;
UPDATE app_seat SET status='reserved' WHERE id=401;
UPDATE app_seat SET status='reserved' WHERE id=402;
UPDATE app_seat SET status='reserved' WHERE id=403;
UPDATE app_seat SET status='reserved' WHERE id=404;
UPDATE app_seat SET status='reserved' WHERE id=405;
UPDATE app_seat SET status='reserved' WHERE id=406;
UPDATE app_seat SET status='reserved' WHERE id=407;
UPDATE app_seat SET status='reserved' WHERE id=408;
UPDATE app_seat SET status='reserved' WHERE id=409;
UPDATE app_seat SET status='reserved' WHERE id=410;
UPDATE app_seat SET status='reserved' WHERE id=411;
UPDATE app_seat SET status='reserved' WHERE id=412;
UPDATE app_seat SET status='reserved' WHERE id=413;
UPDATE app_seat SET status='reserved' WHERE id=414;
UPDATE app_seat SET status='reserved' WHERE id=415;
UPDATE app_seat SET status='reserved' WHERE id=416;
UPDATE app_seat SET status='reserved' WHERE id=417;
UPDATE app_seat SET status='reserved' WHERE id=418;
UPDATE app_seat SET status='reserved' WHERE id=419;
UPDATE app_seat SET status='reserved' WHERE id=420;
UPDATE app_seat SET status='reserved' WHERE id=421;
UPDATE app_seat SET status='reserved' WHERE id=422;
UPDATE app_seat SET status='reserved' WHERE id=423;
UPDATE app_seat SET status='reserved' WHERE id=513;
UPDATE app_seat SET status='reserved' WHERE id=514;
UPDATE app_seat SET status='reserved' WHERE id=515;
UPDATE app_seat SET status='reserved' WHERE id=516;
UPDATE app_seat SET status='reserved' WHERE id=517;
UPDATE app_seat SET status='reserved' WHERE id=518;
UPDATE app_seat SET status='reserved' WHERE id=519;
UPDATE app_seat SET status='reserved' WHERE id=520;
UPDATE app_seat SET status='reserved' WHERE id=521;
UPDATE app_seat SET status='reserved' WHERE id=522;
UPDATE app_seat SET status='reserved' WHERE id=523;
UPDATE app_seat SET status='reserved' WHERE id=524;
UPDATE app_seat SET status='reserved' WHERE id=525;
UPDATE app_seat SET status='reserved' WHERE id=526;
UPDATE app_seat SET status='reserved' WHERE id=527;
UPDATE app_seat SET status='reserved' WHERE id=528;
UPDATE app_seat SET status='reserved' WHERE id=529;
UPDATE app_seat SET status='reserved' WHERE id=530;
UPDATE app_seat SET status='reserved' WHERE id=531;
UPDATE app_seat SET status='reserved' WHERE id=532;
UPDATE app_seat SET status='reserved' WHERE id=533;
UPDATE app_seat SET status='reserved' WHERE id=534;
UPDATE app_seat SET status='reserved' WHERE id=535;
UPDATE app_seat SET status='reserved' WHERE id=536;
UPDATE app_seat SET status='reserved' WHERE id=537;
COMMIT;


-- Ms vuelos: SEP, OCT, NOV 2025 (solo app_flight)
BEGIN TRANSACTION;

-- Notas:
-- - duration = microsegundos (SQLite + Django DurationField)
-- - status = 'scheduled'
-- - base_price segn ruta (mismos valores del seed)
-- - airplane_id rota entre 1..4 como en el seed inicial
-- - No creamos reservas para evitar colisiones con Seat OneToOne

-- Duraciones (s):
-- 1h25m =  5100000000
-- 1h40m =  6000000000
-- 2h10m =  7800000000
-- 3h30m = 12600000000
-- 1h50m =  6600000000

/* ========= SEPTIEMBRE 2025 (das 15) ========= */
-- 2025-09-01
-- ===== SEPTIEMBRE 2025 (das 15) =====
INSERT INTO app_flight (airplane_id, origin, destination, departure_time, arrival_time, duration, status, base_price) VALUES (1,'AEP','COR','2025-09-01 07:10:00','2025-09-01 08:35:00',5100000000,'scheduled',45000.00);
INSERT INTO app_flight (airplane_id, origin, destination, departure_time, arrival_time, duration, status, base_price) VALUES (2,'COR','AEP','2025-09-01 19:20:00','2025-09-01 20:45:00',5100000000,'scheduled',45000.00);
INSERT INTO app_flight (airplane_id, origin, destination, departure_time, arrival_time, duration, status, base_price) VALUES (3,'EZE','MDZ','2025-09-01 09:00:00','2025-09-01 10:40:00',6000000000,'scheduled',60000.00);
INSERT INTO app_flight (airplane_id, origin, destination, departure_time, arrival_time, duration, status, base_price) VALUES (4,'MDZ','EZE','2025-09-01 18:10:00','2025-09-01 19:50:00',6000000000,'scheduled',60000.00);

INSERT INTO app_flight (airplane_id, origin, destination, departure_time, arrival_time, duration, status, base_price) VALUES (1,'AEP','BRC','2025-09-02 08:00:00','2025-09-02 10:10:00',7800000000,'scheduled',85000.00);
INSERT INTO app_flight (airplane_id, origin, destination, departure_time, arrival_time, duration, status, base_price) VALUES (2,'BRC','AEP','2025-09-02 18:30:00','2025-09-02 20:40:00',7800000000,'scheduled',85000.00);

INSERT INTO app_flight (airplane_id, origin, destination, departure_time, arrival_time, duration, status, base_price) VALUES (3,'AEP','USH','2025-09-03 07:00:00','2025-09-03 10:30:00',12600000000,'scheduled',120000.00);
INSERT INTO app_flight (airplane_id, origin, destination, departure_time, arrival_time, duration, status, base_price) VALUES (4,'USH','AEP','2025-09-03 17:15:00','2025-09-03 20:45:00',12600000000,'scheduled',120000.00);

INSERT INTO app_flight (airplane_id, origin, destination, departure_time, arrival_time, duration, status, base_price) VALUES (1,'COR','IGR','2025-09-04 09:15:00','2025-09-04 11:05:00',6600000000,'scheduled',70000.00);
INSERT INTO app_flight (airplane_id, origin, destination, departure_time, arrival_time, duration, status, base_price) VALUES (2,'IGR','COR','2025-09-04 18:40:00','2025-09-04 20:30:00',6600000000,'scheduled',70000.00);

INSERT INTO app_flight (airplane_id, origin, destination, departure_time, arrival_time, duration, status, base_price) VALUES (3,'AEP','NQN','2025-09-05 06:50:00','2025-09-05 08:40:00',6600000000,'scheduled',65000.00);
INSERT INTO app_flight (airplane_id, origin, destination, departure_time, arrival_time, duration, status, base_price) VALUES (4,'NQN','AEP','2025-09-05 19:10:00','2025-09-05 21:00:00',6600000000,'scheduled',65000.00);

-- ===== OCTUBRE 2025 (das 15) =====
INSERT INTO app_flight (airplane_id, origin, destination, departure_time, arrival_time, duration, status, base_price) VALUES (1,'AEP','COR','2025-10-01 07:10:00','2025-10-01 08:35:00',5100000000,'scheduled',45000.00);
INSERT INTO app_flight (airplane_id, origin, destination, departure_time, arrival_time, duration, status, base_price) VALUES (2,'COR','AEP','2025-10-01 19:20:00','2025-10-01 20:45:00',5100000000,'scheduled',45000.00);
INSERT INTO app_flight (airplane_id, origin, destination, departure_time, arrival_time, duration, status, base_price) VALUES (3,'EZE','MDZ','2025-10-01 09:00:00','2025-10-01 10:40:00',6000000000,'scheduled',60000.00);
INSERT INTO app_flight (airplane_id, origin, destination, departure_time, arrival_time, duration, status, base_price) VALUES (4,'MDZ','EZE','2025-10-01 18:10:00','2025-10-01 19:50:00',6000000000,'scheduled',60000.00);

INSERT INTO app_flight (airplane_id, origin, destination, departure_time, arrival_time, duration, status, base_price) VALUES (1,'AEP','BRC','2025-10-02 08:00:00','2025-10-02 10:10:00',7800000000,'scheduled',85000.00);
INSERT INTO app_flight (airplane_id, origin, destination, departure_time, arrival_time, duration, status, base_price) VALUES (2,'BRC','AEP','2025-10-02 18:30:00','2025-10-02 20:40:00',7800000000,'scheduled',85000.00);

INSERT INTO app_flight (airplane_id, origin, destination, departure_time, arrival_time, duration, status, base_price) VALUES (3,'AEP','USH','2025-10-03 07:00:00','2025-10-03 10:30:00',12600000000,'scheduled',120000.00);
INSERT INTO app_flight (airplane_id, origin, destination, departure_time, arrival_time, duration, status, base_price) VALUES (4,'USH','AEP','2025-10-03 17:15:00','2025-10-03 20:45:00',12600000000,'scheduled',120000.00);

INSERT INTO app_flight (airplane_id, origin, destination, departure_time, arrival_time, duration, status, base_price) VALUES (1,'COR','IGR','2025-10-04 09:15:00','2025-10-04 11:05:00',6600000000,'scheduled',70000.00);
INSERT INTO app_flight (airplane_id, origin, destination, departure_time, arrival_time, duration, status, base_price) VALUES (2,'IGR','COR','2025-10-04 18:40:00','2025-10-04 20:30:00',6600000000,'scheduled',70000.00);

INSERT INTO app_flight (airplane_id, origin, destination, departure_time, arrival_time, duration, status, base_price) VALUES (3,'AEP','NQN','2025-10-05 06:50:00','2025-10-05 08:40:00',6600000000,'scheduled',65000.00);
INSERT INTO app_flight (airplane_id, origin, destination, departure_time, arrival_time, duration, status, base_price) VALUES (4,'NQN','AEP','2025-10-05 19:10:00','2025-10-05 21:00:00',6600000000,'scheduled',65000.00);

-- ===== NOVIEMBRE 2025 (das 15) =====
INSERT INTO app_flight (airplane_id, origin, destination, departure_time, arrival_time, duration, status, base_price) VALUES (1,'AEP','COR','2025-11-01 07:10:00','2025-11-01 08:35:00',5100000000,'scheduled',45000.00);
INSERT INTO app_flight (airplane_id, origin, destination, departure_time, arrival_time, duration, status, base_price) VALUES (2,'COR','AEP','2025-11-01 19:20:00','2025-11-01 20:45:00',5100000000,'scheduled',45000.00);
INSERT INTO app_flight (airplane_id, origin, destination, departure_time, arrival_time, duration, status, base_price) VALUES (3,'EZE','MDZ','2025-11-01 09:00:00','2025-11-01 10:40:00',6000000000,'scheduled',60000.00);
INSERT INTO app_flight (airplane_id, origin, destination, departure_time, arrival_time, duration, status, base_price) VALUES (4,'MDZ','EZE','2025-11-01 18:10:00','2025-11-01 19:50:00',6000000000,'scheduled',60000.00);

INSERT INTO app_flight (airplane_id, origin, destination, departure_time, arrival_time, duration, status, base_price) VALUES (1,'AEP','BRC','2025-11-02 08:00:00','2025-11-02 10:10:00',7800000000,'scheduled',85000.00);
INSERT INTO app_flight (airplane_id, origin, destination, departure_time, arrival_time, duration, status, base_price) VALUES (2,'BRC','AEP','2025-11-02 18:30:00','2025-11-02 20:40:00',7800000000,'scheduled',85000.00);

INSERT INTO app_flight (airplane_id, origin, destination, departure_time, arrival_time, duration, status, base_price) VALUES (3,'AEP','USH','2025-11-03 07:00:00','2025-11-03 10:30:00',12600000000,'scheduled',120000.00);
INSERT INTO app_flight (airplane_id, origin, destination, departure_time, arrival_time, duration, status, base_price) VALUES (4,'USH','AEP','2025-11-03 17:15:00','2025-11-03 20:45:00',12600000000,'scheduled',120000.00);

INSERT INTO app_flight (airplane_id, origin, destination, departure_time, arrival_time, duration, status, base_price) VALUES (1,'COR','IGR','2025-11-04 09:15:00','2025-11-04 11:05:00',6600000000,'scheduled',70000.00);
INSERT INTO app_flight (airplane_id, origin, destination, departure_time, arrival_time, duration, status, base_price) VALUES (2,'IGR','COR','2025-11-04 18:40:00','2025-11-04 20:30:00',6600000000,'scheduled',70000.00);

INSERT INTO app_flight (airplane_id, origin, destination, departure_time, arrival_time, duration, status, base_price) VALUES (3,'AEP','NQN','2025-11-05 06:50:00','2025-11-05 08:40:00',6600000000,'scheduled',65000.00);
INSERT INTO app_flight (airplane_id, origin, destination, departure_time, arrival_time, duration, status, base_price) VALUES (4,'NQN','AEP','2025-11-05 19:10:00','2025-11-05 21:00:00',6600000000,'scheduled',65000.00);

COMMIT;
